Time,V1,V2,V3,V4,V5,V6,V7,V8,V9,V10,V11,V12,V13,V14,V15,V16,V17,V18,V19,V20,V21,V22,V23,V24,V25,V26,V27,V28,Amount,Class,Risk_Tier,defer_prob_m2,defer_prob_m3,deferred_m2,deferred_m3
5214.0,-0.211853132544779,-2.17135185350356,-0.672997563398647,1.77224187706203,-1.01061772976595,-0.0899606919837767,0.596430031599203,-0.249934981478499,2.14149708038125,-1.56681653231101,-0.0715155517959269,-2.76600021382286,1.03043571731021,-0.143646196946035,-0.983290764516442,0.323955065501435,1.8999501449408,0.834438154993946,-0.248986317164164,1.38153352973285,0.162940237241602,-0.695462049980894,-0.853613634989209,-0.197100798336405,0.339063555652466,0.545178572579976,-0.166513879557317,0.160899152659964,757.55,0,Critical,0.12071802,0.52851933,False,True
32803.0,-0.0689351134668287,-1.36600741808396,-0.121488181190609,3.32354270318903,-0.797994743531104,0.0884722317843625,0.672089886618533,-0.0127518598692788,-0.516494921953201,-0.036923191755034,1.13129284602988,0.498189541830746,-0.647023144299258,-0.880708771010441,-1.37235884387196,0.694045555083627,0.587720132077378,0.579057807907567,-0.759915690654947,1.05470082852136,0.282176890193474,-0.408574349654851,-0.607926199729745,0.483730742864336,0.333077816865207,-0.0147786095543855,-0.0978278209002819,0.140581216300581,604.72,0,Critical,7.509975e-05,0.9977804,False,True
39491.0,0.292979570643091,-1.36895945111581,-0.722229277342886,1.4658111808444,0.113989520718729,0.814979548299629,0.766629933920258,-0.108337668225915,0.192874892673917,-0.382739011926036,-1.62834385332305,0.56334732133715,1.09437313919529,-0.0814916319397398,-0.027040990577444,-0.291140224259886,-0.280620146822043,-0.528782630275272,-0.007110334466759,0.934964464094738,0.121033342275454,-0.505225309158103,-0.689183999646139,-1.27004632163602,0.695244087954425,-0.281990985084159,-0.0509845756054721,0.0911308281485309,510.9,0,Critical,5.3969692e-05,0.8673102,False,True
40112.0,-0.130145373643234,-2.04216370211375,-0.475058190715221,1.74688787359161,-0.684032645474443,0.542335661299344,0.753961018925723,0.0484061138447397,0.153431727756195,-0.228166838396539,0.678020220635013,0.513884921562409,-1.21233632693814,0.625161066906605,-0.558859367991453,-0.288953845441712,-0.0200668462647375,-0.0967496727237766,-0.157133020503096,1.09967689253392,0.314491115560999,-0.448513522105815,-0.682320585003224,-0.285667033339277,0.395117038088974,-0.376321931703936,-0.0966613737418307,0.114864753404292,668.0,0,Critical,4.1138247e-07,0.5335414,False,True
42639.0,-0.427849185432018,-3.0804739838745,-0.960996926065977,-0.137273338977702,-1.23860303485602,-0.231623085483938,1.13119500462464,-0.390307590207437,1.42534174906041,-1.5454493648365,-1.11865820749264,0.980791595968615,0.783143095394787,0.0392913594096735,0.609283098209189,-0.635946310317108,-0.138168183881218,-0.0249829976382154,0.974642736340641,1.77810046804429,0.246363700115075,-1.04581963831415,-0.912529074213245,-0.380884168444698,0.408681133404809,-0.8650562970146,-0.10312521839746,0.176547718049832,912.79,0,Critical,0.008794288,0.99964607,False,True
44195.0,0.128143318996975,-1.67589308046974,-0.525454870460871,1.26584445651546,-0.727811404486686,0.467630487999928,0.176478854715613,0.194506786308715,0.681553857756822,-0.969037975233194,0.977571096375273,0.288164410152953,-1.28257714212859,-1.34126412102774,-0.675696026578376,0.215711229433811,1.31251412292227,0.586468959222021,-0.108606181565468,0.903249114244525,0.257162433462102,-0.178813582938412,-0.619972940606925,-0.346024993783639,0.304129160474483,0.610925581517237,-0.0865045318779968,0.115691445616615,528.98,0,Critical,0.9989779,0.99938,True,True
44895.0,0.0121520492294608,-1.45518524252701,-0.7671467649631,1.65029468370373,-0.392636078557491,0.127562186106886,0.686099605551681,0.029960355247129,-0.206459898945858,-0.584508688181087,1.47052033912368,0.151596844196497,-0.912688957482624,-0.418037294148542,0.88494850781089,0.768839637009414,0.449011423257058,0.76298695385813,-0.740330760062022,1.02850337026753,0.261750956494168,-0.605180860463824,-0.550573886944516,-0.423207895190604,0.194550103029583,-0.475326001866946,-0.0674390964218043,0.138488755839796,594.64,0,Critical,0.847014,0.99741334,True,True
46716.0,0.283698899394668,-1.57022811604477,-0.481468335271148,-0.159335310342118,-1.13897529071486,-1.03620980214272,0.518221397234973,-0.323896522499292,1.38500935814692,-1.78729035262628,0.0481503948442999,0.874514759158086,0.580872729668214,-1.18381549532346,1.16938999889703,-0.276491600944934,0.859518578464909,0.564407532391513,0.305705084898329,0.974828889461043,0.244791942669272,-0.147321450714724,-0.57391371745902,0.350629712151981,0.513231177112542,-0.681272754752425,-0.0045989131479596,0.142008255436335,508.3,0,Critical,4.0025513e-12,0.88506293,False,True
49384.0,-0.221926627637153,-1.91556593714211,-1.17444536097132,1.77759235954106,-0.342864298186787,0.151281224504025,1.01235594736198,-0.143553802367486,0.028740673610899,-0.835789298744449,-0.635700710365103,-0.555302753348604,-0.442262255933963,-0.661595978031756,1.61282448477871,0.729353054746745,0.504394885313959,0.433543478328422,-0.891496098258302,1.38036607004515,0.277862467226202,-0.873994598890978,-0.747775959928232,-0.878596384156356,0.241937985961469,-0.443791327482406,-0.0930464417821279,0.172142105423764,756.6,0,Critical,0.96721286,0.53388464,True,True
51093.0,0.137802760095172,-1.48630144693597,-0.0501839412621591,2.01652881995974,-1.09328989195576,-0.246553591378133,0.406183095128774,-0.104112477183098,0.812736033233105,-0.918395730217764,-0.687784688896068,0.204869428690552,-0.37244163277318,-1.29158504316942,-0.352730236870545,0.0394771642957044,0.925018143713677,0.343658427008127,-0.31180488409796,0.935188601111336,0.21301453294833,-0.287138572107581,-0.59441306855317,0.343493058178013,0.473324647429629,-0.331592791314348,-0.0300720311438237,0.143128988528989,537.6,0,Critical,0.34201244,0.99583733,False,True
51707.0,-0.405628620110312,-2.04492753874239,-0.758227937390854,1.93184070804376,-0.81525982163152,-0.0975785718217834,0.982263125853261,-0.0748047363581696,-0.318281479956109,-0.687169412854822,2.00753952534123,0.518438228610351,-0.625998006675831,-0.41014119331595,0.833048681053358,0.623638237445878,0.628393082827682,0.587644367258959,-1.00591968882142,1.43456450726229,0.42003657705756,-0.583044191049264,-0.662647695070782,0.128702038724035,0.0629363564525492,-0.530455026494236,-0.101713698667838,0.178922440515316,791.65,0,Critical,0.97576547,0.9974005,True,True
57460.0,-0.0018135760027456,-2.00168268459225,0.0106519569286309,1.58391371563547,-0.787534578739296,1.13998100196308,0.231631593986258,0.212030019225825,0.618584967174063,-0.373517426713519,0.309793999761992,1.01599614121814,-0.189212462803675,-0.0090138758236009,-0.86706400323709,-0.208253187964654,-0.150652141790863,0.130158753115465,0.0222539419256264,1.02665480406369,0.343389803007393,-0.0449644481544847,-0.69574141974672,-0.605013822297,0.443213767899548,-0.283928425320897,-0.0417196106741108,0.108536023195964,594.66,0,Critical,0.040253837,0.9872236,False,True
58384.0,-1.87309192053217,-5.18470401490861,-1.75751793201099,0.689146804969525,-2.1225619189006,-0.196717999540452,1.82184478240258,-0.410614638435362,1.40844417044755,-2.31056510546381,0.109122696668172,0.456853356294609,-0.273879516753121,-0.70290956683372,1.671934680366,-0.376286962511623,1.22905935667401,0.466034683832794,-0.394918678199289,3.10436708362971,0.923261216545193,-0.694579682062813,-1.49605608595707,0.0671011332646753,0.0040135696032903,-0.764750188605247,-0.201500561393831,0.326814317330785,1602.0,0,Critical,4.3592263e-07,0.86258453,False,True
59343.0,-0.459250982905755,-2.53373932152099,-0.92994035833919,1.82210429188493,-0.702817959564991,0.400781619517881,1.16974031634019,-0.0808704175108134,-0.10602680182174,-0.238488204476271,0.793669882718216,0.377439815258747,-1.21912120094322,0.88379997992371,-0.197349875013718,-0.208944729823742,-0.110786877060924,0.0349935855381794,-0.336853914714528,1.47035719713684,0.521795617576598,-0.317476623861005,-0.902055512129505,-0.268807900461438,0.429160763091451,-0.314884062722122,-0.146352397606831,0.141781208578387,850.0,0,Critical,2.0862532e-07,0.60293657,False,True
59672.0,0.092285832114706,-1.90891981270215,-0.483797164625631,-0.226791216805742,-1.15735391071812,-0.371913086907604,0.313638115483249,0.0121290240542488,1.30311961070359,-1.64560104377595,1.92376207052851,1.01151240888562,-0.877639008606484,-0.672113658387114,0.85748247719113,-0.363256141251924,1.03804226951891,0.717060485816108,0.15450399538192,0.95755325578009,0.350452021728875,-0.016406376346562,-0.556958947357982,0.155310804653213,0.321217245917191,-0.682136464235207,-0.0091543972749503,0.135746364742573,554.94,0,Critical,3.789533e-07,0.99995697,False,True
60020.0,0.0347729184632876,-1.71684910828845,-0.653821920665871,1.51795458961469,-0.65441887441204,-0.430369919777933,1.05710916732589,-0.360985024397441,-0.0418603835577805,-0.28205632637274,-0.880859770117982,-0.0140234574107618,0.109161028137908,0.522557035290791,1.0507586094621,0.295135279946932,-0.596483952211885,0.167564033292053,-0.373920844827332,1.18199740910802,0.38227769029372,-0.320920571115463,-0.733236407888637,-0.110041096403804,0.518927458502877,-0.363633149826794,-0.109591228689287,0.127126202951342,650.0,0,Critical,0.08850153,0.81453747,False,True
62346.0,-0.574873983157946,-2.64381572861705,-0.751255401619472,1.97919400506984,-0.995679017744574,0.112761339371879,1.23952083406716,-0.129356218669435,-0.157685682465535,-0.260157988871411,1.2814491309591,0.591267078901114,-1.23592071295675,0.911108035813095,-0.238701975416584,-0.361861725630312,0.0797029569530889,-0.138604715565167,-0.550594428271009,1.54003494688766,0.582078422050381,-0.235305775598032,-0.872873628391493,0.267525789190368,0.345689020857363,-0.352397426882782,-0.152856490958848,0.154371854603648,890.5,0,Critical,0.036173187,0.93303674,False,True
63669.0,-0.184173546100156,-3.17779517366647,-0.205801021895763,-0.689000750292206,-1.76048395214141,0.489638756937191,0.0664287420871938,0.0649837976392148,2.22177780784865,-1.50440407641396,-0.0020402913678726,1.21829704516946,-0.45160707196809,-0.259422363757431,-0.74917876238809,-0.565646005427008,-0.0209376229598559,0.782382173619269,1.53936381455158,1.41227276003381,0.438463234712254,0.0142976208968055,-0.920706846745653,-0.37110028358379,0.43320472303051,0.127150807772502,-0.0898135893296651,0.129090411838469,750.0,0,Critical,0.0013974067,0.9986657,False,True
66792.0,-0.305315069321194,-1.97978015146386,-0.9514115356039,1.78378119327587,-0.554705978926965,0.186699115512893,0.904162372637607,-0.0126921334593759,-0.225815696940456,-0.661047675612437,1.47287471904938,0.158365386614162,-0.883391117218759,-0.380833636975095,0.905621132394463,0.790513866586119,0.453883330550312,0.796656078619427,-0.792816157939664,1.36315488696721,0.361323571667226,-0.691912273159456,-0.695414267018669,-0.414775715777557,0.13421215694024,-0.492852172223804,-0.09848874876002,0.167101523354339,758.97,0,Critical,0.37167907,0.99132055,False,True
67571.0,-0.758468652663917,-0.0454102784513458,-0.168438290153528,-1.31327481447103,-1.9017625315847,0.739433414882114,3.07189204639003,-0.483422244220096,0.61820276215476,-1.7690597207318,-0.651414013964987,-0.0054232908009888,-0.517194341398293,0.217469760178719,0.883558824493356,-1.17397764863161,0.24334710955825,-0.342300728238465,0.68705620239513,-0.0324998988871344,0.0426194565214976,0.397223782011498,0.0722288654476503,-0.242275996603303,0.560916469624214,-0.540954584325348,0.150606446374032,-0.117140114799884,549.06,1,Critical,1.9252579e-05,0.99999833,False,True
68104.0,-0.118973534759712,-2.08997911514219,-0.180712422052639,1.78039587914359,-0.862445302814061,0.743663959995722,0.504341857504211,0.132827269301078,0.377641162653507,-0.267645784576615,0.602589179982371,0.627639731857209,-1.05505574564768,0.398556863713992,-0.666713571722117,-0.245068574026454,-0.0218539952472033,0.0127131551563436,-0.180977298579124,1.07708331416015,0.355538595891229,-0.240865358095858,-0.680567365571097,-0.273913118402485,0.372858098709457,-0.33166136514116,-0.0760354504014866,0.116406010808807,651.44,0,Critical,0.00015139795,0.9977191,False,True
73021.0,-0.244910686581167,-2.22167717265117,-0.431307217451087,2.06387363840065,-1.17213046725899,-0.405808567728304,1.06974289826564,-0.287209414366002,0.370311014615767,-0.398788426830246,-0.931644723271342,-0.101439655704717,-1.06216446543351,0.423500468898793,-0.132334141920826,-0.280757885206421,0.0696130095676589,-0.242290129614701,-0.242179319839829,1.30261778524603,0.313529138294904,-0.656262042000383,-0.740881702954428,0.415181060334535,0.423332635552335,-0.419051764618638,-0.125710733558649,0.147993813520275,760.0,0,Critical,0.8814147,0.65648377,True,True
73246.0,-0.949086201883096,-3.21927474220235,-1.15451466798531,2.16669280205587,-1.27762261647143,-0.641729663448564,1.86352836877553,-0.550129769509644,-0.261927987631852,-0.43867708001468,-0.456925757101341,-0.0172231231254879,-0.292567288560194,0.820213448196918,0.931759261226067,0.132351194930028,-0.312715891703243,-0.0232518550231604,-0.697000164271486,2.13943317566282,0.654446240171273,-0.687760723216527,-1.08953556774012,0.438746680509069,0.287866166677439,-0.462471124002847,-0.216324946102232,0.214314108033531,1143.4,0,Critical,4.1815172e-05,0.9952604,False,True
78497.0,0.111543045729323,-1.61227022718307,-0.703131080189927,1.74538767214979,-0.572078456927214,-0.378039631741276,1.06641654883917,-0.330067149800026,0.102049834965994,-0.267538380390434,-1.17292874170327,-0.124474609575621,-0.494968102759194,0.467437618941671,0.162425002735489,-0.125977651439873,-0.243070549131578,-0.0847101938954589,-0.130479977810051,1.0384783910535,0.29051508610619,-0.393491272364404,-0.732784685852965,-0.0831895218172319,0.665635845375,-0.292009455333355,-0.108788308681676,0.112294174777407,605.41,0,Critical,0.998467,0.9842308,True,True
80823.0,-0.243092646062728,-1.77447055177578,-0.749602977081876,1.81708449762956,-0.600215150110192,0.0032360201685494,0.906256628091096,-0.0667656470937795,-0.361785662047608,-0.66417911460138,1.89730363821836,0.681340354077464,-0.163563223166033,-0.527369733490494,0.790211843478178,0.652967975593184,0.526123129420927,0.585179048715767,-0.906858825888101,1.31372065965796,0.365227090087668,-0.54457652089886,-0.625992269879988,-0.0694116641476835,0.133379698790644,-0.511005252752851,-0.0846603165601087,0.164466097645804,715.19,0,Critical,0.13128422,0.8478318,False,True
80867.0,0.222962353696066,-1.30544126552138,-0.705970390843069,1.55636884608848,-0.369155268307009,-0.527133595684447,1.1248333171995,-0.406474197306266,-0.270808643666898,-0.186857339429429,-0.816846344483487,0.184561762377535,0.455446726226268,0.504168194697301,0.8140358888042,0.176169897300851,-0.568903259769433,-0.0611286693376848,-0.312071073677573,1.01045568116052,0.272258203649232,-0.414947120402915,-0.647893958744881,-0.109054589097892,0.600738285772289,-0.369089517148948,-0.101197231304984,0.108318551188436,556.6,0,Critical,0.96268755,0.9783871,True,True
83766.0,0.0148703171698122,-2.14584049541999,-0.772775036126895,-0.233950164373621,-1.17848223390515,-0.512042243728911,0.478947893652687,-0.105637757454017,1.3550371040498,-1.6346112830608,1.20444079866697,0.679158040385237,-0.891652278885943,-0.685667418430241,0.670198367283103,0.101538296013239,0.577053120102416,1.37340292974845,0.687957889309066,1.16388212776122,0.335789051710843,-0.283346781785796,-0.722478320841475,-0.065283752269561,0.430152071933753,-0.687132271300484,-0.0426993446242083,0.14769540674984,636.66,0,Critical,0.99858934,0.9999665,True,True
86590.0,1.06177901330841,-1.54782368239473,-2.62964252331233,0.668293381505378,0.14407679682315,-0.441135491630743,0.872063105848078,-0.395744449888508,0.870721374847979,-1.17895286876014,-1.14307086804371,0.536956533569755,1.16732383708527,-1.73665768558535,-0.0417671144458551,0.291026270466102,0.82498680578976,0.306699301968739,0.248867621665379,0.991360255742699,0.015797924894192,-0.825729740663468,-0.418136116746801,-1.13513366891194,-0.0984838990686056,-0.0804895219814148,-0.0963438972201822,0.0653024513568693,539.66,0,Critical,0.025366608,0.51245654,False,True
87057.0,-0.460964452412393,0.275337737311135,-1.75480688299762,0.0801226398124671,-2.46228747639262,0.636624484860575,3.76271947953775,-1.5420373139567,-0.0598037466307056,-1.41766493843416,-0.707771864441412,-1.06772539933772,-1.07676334130395,-0.613395913728418,0.900425875160072,0.416983790632225,0.425738325664081,0.970918455736375,-0.254484849278099,-0.2110824409874,1.00751952490435,0.667622246124305,0.478413831407048,-0.118394710065733,-0.257767557041356,-0.131323521764789,0.442250196254505,-0.071030107103474,739.21,0,Critical,4.4690006e-13,0.9998661,False,True
88049.0,0.989469416820048,-1.65877897365426,-2.09181913528909,0.796545429863524,-0.532268750152883,-0.79825245329917,0.614554884698839,-0.199738255906097,0.845344445951895,-0.88171400411454,1.18368335996372,0.561269164388869,-1.11401022369538,-0.934325862585284,-0.62351154602873,0.200986660636726,0.987619106296151,0.609232472514656,0.1550115034914,0.779771524386863,0.110980308769399,-0.633261086675454,-0.24109962099523,-0.0977300772328472,-0.337930839632335,-0.158751702903601,-0.108548743236727,0.0545551003218587,513.41,0,Critical,1.4116167e-05,0.7434699,False,True
88288.0,0.275343446013209,-2.61505367009068,-2.85264231254881,2.0948157894358,-0.311217673406599,-0.975472039029779,2.03460935868658,-0.741880698276359,-0.11510466453315,-0.121959122800615,-0.870504889341501,0.370453748489292,0.0641900989592366,0.857998175138023,-0.277819320726066,-0.659006247962125,-0.142907216699585,-0.432885321213287,-0.590268341642215,1.57774034451604,0.709157625091214,0.177327968017991,-0.889961435383441,0.0593259448029607,0.263623131665872,-0.481839867746578,-0.200108899904439,0.0926169977118864,926.2,0,Critical,5.0821583e-08,0.88278174,False,True
91417.0,0.622927118717105,-3.10369433126594,-1.78607833234751,-0.873070393807,-1.48396325691026,-0.972129667464022,0.630479191124548,-0.559709175635908,3.99821909129347,-2.13598418106326,-0.0417968839296547,-1.26807636106476,1.65992390641151,1.43254687732176,-0.728906858726951,-1.58327657095078,1.0808443724545,0.310134544229974,0.889082902383408,1.25342123240721,0.438925966975927,0.349135370471995,-0.706328529796274,0.100519512697662,0.12007469307492,-0.72906817648533,-0.102988547210332,0.0727216788598812,760.66,0,Critical,1.2854859e-15,0.58268,False,True
94415.0,-1.28379012689621,-5.37319204557109,-2.64021192821139,2.97499165483506,-1.81317726340434,-0.101964454026859,2.07355766216145,-0.690197309546748,1.86409760202789,-0.888299970775246,-0.179392123289394,-2.61489655229258,1.10480914806494,2.15872940300067,-0.291110958831097,0.0354410632716579,0.38689662821407,0.822627061281758,-1.41685435655808,3.08040880621479,1.2774759955863,0.296632034642693,-1.57195434464097,0.0329677242581378,-0.277990339460406,-0.458777689094291,-0.324685704720064,0.237097440593954,1702.0,0,Critical,0.09392008,0.9998814,False,True
111702.0,1.07395820944189,-1.30788806358066,-2.84931599843406,1.12222555015287,0.167363339406698,-0.765696619463843,0.90103873668762,-0.33269157089886,0.874121544848793,-1.29430436399447,-0.604318102686816,-0.227580174945494,-0.608408181557462,-1.90789333019719,-0.0108841902538739,0.230366451231881,1.61425767777723,0.704951339213022,-0.164726032286198,0.83400899668565,0.102630469904797,-0.602753815910053,-0.359493555934638,0.410393206813195,0.0286328553249412,-0.369333951501876,-0.0854642879849198,0.0848532874793033,509.2,0,Critical,0.9999683,0.9998759,True,True
112532.0,-0.656387778349451,0.538490320777983,-2.52289259904769,1.62800258060361,-2.23781070549616,0.793888776547007,5.12828141568442,-1.69025530737886,-0.473880652154747,-0.854967881386524,0.600241864424138,-1.54211146915482,-0.282107395896137,-3.3518931834412,2.00293955890617,-0.015327096345602,2.81286395733448,1.31239187727511,2.24607673956887,-0.64158784786409,-0.472213806417158,0.513928162890506,0.293940772572674,-0.0699390887626011,-0.89487541782462,0.971569097261796,0.304241972877773,-0.529811412645135,828.0,0,Critical,6.009642e-08,0.9994686,False,True
116848.0,0.827521396340247,-2.13423385145068,-1.9417631333831,1.38980756484748,-0.840722085937354,-0.519875981726642,0.555257311173529,-0.272275218699366,1.57253332666459,-1.02553429692287,-1.29447849714159,0.0777798190753131,-0.74583432649888,-1.31670914930035,-0.908350206084543,-0.37008931329038,1.08753682871087,0.559616863068183,-0.0603992207756875,0.962751820587544,0.521203912397935,0.609515184763841,-0.668006285098678,-0.114480141789257,0.197209941268481,0.0166453110775398,-0.0808027515708644,0.0729423138038599,611.95,0,Critical,0.9996711,0.94337803,True,True
119019.0,-0.229658597199889,-4.42439046701928,-2.16073147719494,-0.903645828625567,-1.92030384580774,-0.892543954357085,1.36294801555696,-0.623072666692532,2.28091680537611,-1.98402196030674,-0.466888350809133,1.89540395155591,1.44064250229705,0.0365136625414787,0.775427593588995,-0.968774184630432,-0.0362417063004887,-0.311403640644782,0.982386958269477,2.28635210358482,0.364554196281098,-1.26955073478977,-0.706147754357448,0.0325427144140693,-0.62805824882403,-1.38061351819911,-0.146109781042369,0.174931740798672,1198.55,0,Critical,1.197285e-17,0.9831819,False,True
119550.0,-1.13828799006108,0.627931786601203,-2.12983935997025,1.55382504730615,-1.48905739242818,1.27673579674418,2.80625636481059,-2.40624296888775,-0.464424196898032,-1.25328587674831,-0.0813163142888726,-0.61031006843987,-0.246653878874389,-1.85317857391777,1.13105193553765,0.767524963886151,1.63497384178823,0.622208621773684,0.0993153065248825,-0.995999138216385,0.901610353532611,-1.90165810056591,-2.78270063337325,0.546988682741966,-0.606596384235413,-0.782585455593242,0.937404647023387,-0.263958701513935,1025.0,0,Critical,0.66353285,0.99996316,True,True
119815.0,-2.00428105187988,-1.21522108961231,-1.23698493298438,1.19069282997913,-2.79597347109105,3.87114221615553,5.04431182698224,-0.487212689494978,-1.55421074610432,-0.630569362783213,1.3434539512294,-0.303415531423017,-0.312073806988342,0.916646796509249,2.32395351547163,-1.12933823182263,0.803304192879658,-0.612501044810343,2.14351065316063,0.304982144002463,-0.145989768641266,-0.079606480985709,0.486163193878923,-1.56229071803484,0.256537241686521,0.810764533188638,0.524493345817925,-0.280752735332732,1205.0,0,Critical,2.6279473e-35,0.99784374,False,True
120052.0,0.263618372073488,-2.7057552119766,-2.36995845552553,1.29905955568192,-1.0088048465746,-1.21702814990805,1.38200718193446,-0.599577058089478,0.760805043879725,-1.27830161456377,0.0534532645966732,0.951607612821023,0.811873014285139,-1.39137414039521,-0.146353193377468,-0.0693800547457375,1.21185802345776,-0.0513235889943349,-0.326981525787409,1.67715650717016,0.333455678929591,-0.763936963942773,-0.56015197083066,0.414172786158036,-0.419517585585922,-0.215154687755799,-0.169383514488333,0.140703588037883,904.33,0,Critical,0.010075262,0.98693895,False,True
120052.0,-0.501060547526724,-3.45141685672166,-5.03177192747066,1.82854327578345,0.0215093273839161,-1.80513534501198,3.04546136524924,-1.0566951570525,-0.111935735094332,-1.86307908901848,0.199583713129001,-0.067711146425705,0.0115279628991845,-1.73861281838002,0.442119640119663,-0.113838233709233,2.25492662681432,1.00357642405468,-0.799704496692145,2.54852153988902,0.970828211656706,0.0227837919791646,-1.46971485138816,-0.122013953128296,0.40265799594308,-0.335593931990285,-0.266861173270117,0.217710225705643,1352.03,0,Critical,0.99422306,0.998206,True,True
121216.0,-0.143366412585067,1.05888087584999,-2.65292184133854,1.31768152094675,-0.284445848906721,0.923093761784859,3.66637258840806,-0.628888344501276,-0.715343029228171,-1.19459760632161,-0.702306871704076,-0.385827185020854,0.881174828197195,-2.36133815569904,0.0201954742974695,0.0689921583630738,1.6081047588715,0.856424599175188,0.444615771707832,0.281021383746789,-0.127863069485874,0.0657378587165762,0.14246540900683,-0.140826220365859,0.445551281010721,-0.361139327440876,0.382136146514365,-0.066513247379505,555.99,0,Critical,0.9938758,0.9999993,True,True
122608.0,-2.00345953080582,-7.15904171709445,-4.05097631587393,1.30957974749918,-2.05810158798669,-0.0986209270722274,2.88008272715204,-0.727484046608914,1.4603805509699,-1.53160798206082,-1.39432826167269,-0.220718797789479,-1.53099043146804,1.0752476539262,0.388383209307268,-0.660655352312646,0.0933209955444861,0.335742221574637,0.0575510393537501,3.97321702726744,1.24428677489095,-1.01523228673153,-1.80098486605048,0.657585626965743,-0.435617246752788,-0.894508922176968,-0.39755738695085,0.314261714087509,2125.87,1,Critical,0.99999785,0.9999999,True,True
122933.0,0.623019329572497,-2.5056577566635,-0.755476704542664,2.13198799385943,-1.34436622609329,0.523236775579614,0.0831245419814867,0.065094112084801,1.30914190654567,-0.138086452877788,0.141739440022761,1.22214061346547,-0.439379446747133,-0.206927652214488,-1.941409971137,-0.329058627303932,-0.157760369890444,0.545280835023762,-0.193518321100196,0.999120683182452,0.693519002002768,1.00652233969594,-0.609344335388087,0.0952024255283349,-0.0073914467049865,-0.376430044864972,-0.0488177778288902,0.0616277379019593,649.0,0,Critical,0.00018975415,0.99965906,False,True
123670.0,0.927576136197519,-1.78054346379649,-2.30435913539912,0.745037268226864,-0.362633183304867,-0.618698148570997,0.730945880437423,-0.248257870739999,0.774835703040218,-0.91482370107647,0.878166685505461,0.739058077105209,-0.411675142654943,-1.07562773065548,-0.702726560498254,0.355157649715876,0.750592402774183,0.764626735100543,0.358480688084009,0.943816907738628,0.116912979464152,-0.707846744463144,-0.350647010000405,-0.432070104658383,-0.266980163808145,-0.146405755094654,-0.117956355461634,0.0613296818437531,565.0,0,Critical,0.0053728893,0.98456675,False,True
123827.0,0.547192625893651,-2.73030662304313,-1.47713029424713,0.283871491376385,-1.07677841123179,-0.150257865079585,0.689126719717454,-0.24324304870747,1.24502096040189,-0.818454316641917,0.747689897188644,2.0225446573819,1.08770651708131,0.125125593795176,-0.47709065475519,-0.178376216725713,-0.596380562976307,0.128288926079139,0.73991440251136,1.35445813753571,0.117684076854621,-1.08671634090679,-0.32242248330483,-0.334071555536255,-0.533370346712968,-1.23626680267019,-0.0785641360209386,0.0873862940039865,751.85,0,Critical,9.386209e-06,0.932104,False,True
124807.0,-1.13772363938153,-0.0241036599620484,0.527324716006757,0.278417991877387,-2.188384119116,0.933145282708753,-0.223910310908749,-3.67970541930162,0.387385839489726,-1.45228924216434,-0.963465070512091,-0.496345016907075,-1.93245718940574,0.988657655060503,1.67168525339168,0.397010677774831,-0.082689879103747,0.340024987270268,0.226714810541112,0.403085663376358,-0.754457582930348,-0.870665966665217,-1.50359560773765,0.0443167734914332,0.867545082456314,-0.59794812844671,0.417910218513351,0.108381509109382,600.0,0,Critical,0.29736894,0.501038,False,True
125464.0,1.00219547743809,-1.61438120952782,-2.43145433181969,0.7832418771024,-0.136991346882682,-0.570336908401819,0.766919492379859,-0.300112335196698,0.951582019408771,-1.15846171919019,-0.514998312640451,0.247795661402643,-0.0079277767809525,-1.48971580572554,0.0492763976699995,0.0993694288849262,1.1941311673056,0.170526855400644,-0.0794557992926928,0.930525933397764,0.0598948001863122,-0.799417723374417,-0.258172861647461,0.501431741025804,-0.238246438793713,-0.168492255045975,-0.107321335283357,0.0798444795596474,541.93,0,Critical,0.9943467,0.99916065,True,True
125708.0,-3.62463185360422,-0.939718212395192,-2.93513495123017,-0.07278454403978,-0.719992979796656,0.0920632933788847,4.53435494802314,-1.47983474631021,-0.0815553263681029,-1.73552818000663,0.233749657311207,-1.03934870459291,-0.0024388990145069,-3.48068332480086,0.397837452911081,1.64291185523589,1.64508886406367,0.771410876292643,-0.851055282098873,-2.42628048104159,-0.889789060759251,-0.249821168682959,-1.35822026583381,0.654699086340912,0.288758080536588,0.590366706599051,0.008959021562632,0.917224619344473,910.0,0,Critical,0.00019548336,0.9988538,False,True
125775.0,-1.42165563779534,0.423958001852189,-0.88234896479247,0.0558320054319709,-1.51748705924852,1.1257160549974,3.93035663364026,-0.497022936256668,-0.61103181835921,-2.15658052407921,1.01637729562526,-0.313002489161733,-0.851813246519156,-1.94875291537408,-0.602585217049442,0.345042263494003,1.46160559927509,1.32950243216397,0.699740988301239,0.0910602238767839,-0.176033542269329,-0.264418778237153,-0.110176402439428,-0.557203120608468,0.988562813448967,-0.0793440890691634,0.224390115603603,-0.0978694964815423,703.55,0,Critical,3.8734768e-07,0.99964356,False,True
126019.0,-0.543333767769418,-1.77943046262135,-5.05095209154774,0.786993991326212,-6.80150154477725,4.31592342445717,8.86653898396406,-2.74536985531362,-1.74792112287185,0.0896603497922822,-1.8082985297164,-2.50767258053915,-1.52726586032312,0.946864925976652,1.27626605343518,-2.62349491743915,0.498828725165005,2.12052096540479,1.92888468693785,-0.150082822349416,0.722818596204598,0.866732265011691,1.52143798678787,0.120230295412654,-1.21692687941086,0.233113415247534,1.03845645156493,-0.325022266481384,1930.39,0,Critical,4.742496e-39,0.99999726,False,True
126906.0,0.728284629748938,-2.36579512340632,-1.56157856474716,1.14387917570169,-0.968456788653499,0.274089571375399,0.0979869304331908,0.0331485579122006,1.6798574791797,-1.01514228131287,0.294598219367711,0.911232019609914,-0.442236483665194,-1.35130774814096,-1.12540285638807,0.0737969132458056,0.616639721107125,1.34433679006348,0.141055359799881,1.02839309915892,0.588706406799092,0.747077462412348,-0.657352920827887,-0.490269719229367,0.0282591941989535,-0.380167495864485,-0.0313934704746106,0.0790083363756942,628.05,0,Critical,0.94256175,0.99705964,True,True
127301.0,0.489343980425697,-2.89752052582314,-2.08970358346107,0.752418495696812,-0.878168430219489,-0.1835674714228,0.907671292039193,-0.270685422020906,0.9058030849953,-0.388070820610003,0.307494659616477,0.853334960918858,-0.602439256887104,0.529488564064769,-0.905002693419171,-0.288867844319627,-0.301045829798338,0.304936262268652,0.365289190939817,1.34186875902601,0.588325844474461,0.173171461919449,-0.702060161027661,-0.308573417943085,-0.111789043856499,0.118026074700564,-0.180650798846117,0.0601006129520811,796.3,0,Critical,2.1590808e-10,0.7874666,False,True
127419.0,0.605485638936417,-2.36136917933928,-2.86281074385089,0.727222025285304,-0.107487355639001,0.0237614131952008,0.909588280628575,-0.173343156180511,0.774465865179425,-1.0626860155543,0.602005011801618,0.50966473403469,-0.428249723419278,-1.19002411345044,-0.584395643028963,0.551675341481119,0.734857257438869,1.02004428587154,0.410918293112178,1.35423140988957,0.191807512705322,-0.951100153047765,-0.516256024705111,-0.0126679639734576,-0.276852065912588,-0.179969179815612,-0.156961825182936,0.0999543294263265,748.02,0,Critical,0.9986272,0.99995565,True,True
129873.0,0.389757948735055,-2.81748182404295,-2.86544881275517,0.879480161944554,-0.338085560020646,-0.577827264868665,1.59895952998154,-0.569704047782813,0.57029090124541,-0.524934320183172,-1.06321447419105,0.173011841182905,-0.103735177988549,0.806235673287302,0.590760041427546,-0.366439932439862,-0.412388502892272,0.047116122782863,-0.109754925176403,1.57023264054147,0.616763466741078,-0.100753544709011,-0.768987032725442,0.523588389111747,0.098356148777502,-0.629963328252797,-0.183259583433651,0.0995273215891375,894.46,0,Critical,0.00021140809,0.82787097,False,True
131055.0,-1.44195895993719,-0.54701684862246,-3.80912000868063,1.39588872201625,-2.83587948366401,1.64006357375656,6.64592106090377,-1.5205667666208,-0.725328145189051,0.101471560811507,-0.916455602738315,-0.525763693161391,0.261186644282504,0.476736480601611,-0.0533196289478462,-0.752864249314963,-0.383947461986047,-0.0882888167709234,0.594017954154899,-0.904758167798506,0.0139170690311516,2.03547320348533,1.17880769020926,0.861148076817912,-0.762724633006702,-0.386513411159642,0.791328629598488,-0.530211014152372,1141.33,0,Critical,2.1002467e-21,0.755571,False,True
132308.0,-0.521854642618978,0.579409439492874,-2.60556100340408,1.23111972254902,-6.27989741583189,3.89879715509911,8.87609270881774,-3.18224225584707,0.587544538975619,0.527925818908213,0.529746232953594,-1.5094616350455,0.0897323710795473,-2.28767416631085,2.64127126813428,-0.541377638018028,0.535403815330278,0.686845379508926,2.18420159566207,-1.87904767236164,-0.700302231379796,1.63852839395182,-1.0716699480366,0.163727483293829,-1.44713112128506,-0.001664620331005,0.0774536404574593,-1.30448439035933,1568.07,0,Critical,5.076585e-20,0.99998987,False,True
132926.0,-0.199061911772562,0.24020821279805,-1.46684683306244,-0.690612506512054,-0.747289048657392,1.13044506704593,3.96967463037705,-1.06287972046519,0.383336677500472,-1.48349530307976,-0.91880098343667,-0.0037200063898792,1.22640136314786,-2.45970823593507,-0.600553756140899,0.220881279760905,0.376732845017764,0.374926144071604,0.121940754840836,0.204800858187082,-0.234229702370377,0.0129746474115701,0.380270392241149,0.0023038807047692,-1.03039200756334,-0.367565627899815,0.058523698044827,-0.283590084994284,605.04,0,Critical,0.20239076,0.9964714,False,True
133747.0,0.74327048266612,-1.99258757025074,-2.31668869811944,0.999522472086117,-0.558574761565256,-1.02687947272117,1.05574154785267,-0.500542527991857,0.842937728905003,-1.16589797473717,-0.406688772487197,0.705915766493228,0.71116669937968,-1.44389817247312,-0.124216696268674,0.0478941701002818,1.03757157885525,0.0767698780786524,-0.0701735015804805,1.21372489969285,0.160222724834423,-0.742975543177311,-0.414804787704181,-0.0856309649048956,-0.275186457604631,-0.160095691321047,-0.127365852406378,0.0953204472745227,673.61,0,Critical,0.04605823,0.96318895,False,True
134117.0,1.02530340654718,-1.50518577032672,-2.20992038869355,0.901724320264685,-0.396748528290914,-1.10629601777883,0.859917753608506,-0.455573807782641,0.875307464891725,-1.15258001797485,-0.38903500288805,0.599104070113606,0.539179541837008,-1.59505443153609,-0.112764746586136,0.0815816475795779,1.15309051168762,0.127135865074007,-0.0440404847252499,0.910572049200048,0.0618666876692273,-0.698361503097458,-0.28622003965581,-0.109349200604237,-0.225928513385738,-0.143928499249446,-0.0988174352523109,0.0726821657203171,526.99,0,Critical,0.06489861,0.9141253,False,True
135337.0,-0.832009491443011,0.35656258877338,-2.74439271666386,1.64503277823347,-0.161065971961949,0.117414142183472,2.79844385155104,0.0713780926372455,-0.874322612727185,-1.55423441037421,-0.747384135113274,-0.596803505320512,-0.138799072122637,-1.68966593035367,0.0106355385404335,0.029839815216976,2.02690616848524,1.03756320499501,0.224189097728512,1.18460377620689,0.261547286593963,-0.0097872177055616,1.08649925404386,0.143786503762854,0.522201441346315,-0.393981940781502,-0.0225601521465665,0.0481658930987049,546.98,0,Critical,0.99949133,0.9998702,True,True
136700.0,0.919535789684302,-1.7720590237459,-2.37888003610076,0.736570380325003,-0.282824683606804,-0.43694260293013,0.650938777397377,-0.147217622735194,0.805335091243437,-0.965831814567585,1.13867948259295,0.530995886197886,-0.941826830328436,-1.11994707852802,-0.617324167951026,0.347965274208481,0.994370701983219,0.806868065337367,0.219824759753044,0.928000984167286,0.118402252284731,-0.758202709868755,-0.263819099804228,0.640982555887166,-0.310083901350691,-0.200470583640425,-0.123079607072512,0.0733973762421594,560.82,0,Critical,0.95122015,0.9999794,True,True
137754.0,-1.76270580248249,-1.33902690577968,-1.34142760457223,-0.156144471492897,-1.03767644810027,0.514685268130157,3.92297872888074,-0.887544953442818,-0.376334688634187,-0.250981828345178,0.528086552310764,-0.14310162602157,-0.712606676288053,0.44462218078414,-0.629755719184908,0.197067650409194,-0.940602305665575,0.274601606899874,0.0880416678232841,0.0007422612443164,0.0544030069312444,0.670294845069525,0.248109066140502,-0.316101070104429,-0.45781139568731,0.272886644608545,0.563056080191719,-0.20087048331792,827.9,0,Critical,1.1512134e-21,0.5533433,False,True
137847.0,0.876780630383789,-1.27157161831801,-3.45735925193838,1.17993130845592,0.179192568113174,-1.49450533932871,1.23717923013702,-0.389422709741123,0.381972901664375,-1.53825614078811,1.8422460870719,-0.237886781719307,-1.73477319495544,-2.13714928508923,0.299116754831909,0.719019159889198,2.20437937091616,1.83869213848902,-0.44327709414725,0.916149091394896,0.319837398152149,-0.265267921566815,-0.525156885649643,-0.266244304372251,0.0575801396760003,-0.593519858451818,-0.0870157464687721,0.102261872666982,582.06,0,Critical,0.99974567,0.9999156,True,True
138781.0,-1.49880292150986,-5.81906879048472,-4.0069158494431,1.81467944463648,-1.39415664875895,-0.159709217229809,2.54523423112149,-0.690608203715847,0.868728482103214,-1.75816103187589,-1.06148508170849,0.0799251351121495,0.211838259672215,-1.19503766877018,0.22760440486476,0.434030935663849,1.03356620908421,0.622054871353019,-0.27161567539559,3.58600518688037,0.818102699865563,-1.55990773805145,-1.52754495609307,-0.811008561439879,-0.658058656442679,-0.234691760853854,-0.351790938227303,0.294651296531611,1854.18,0,Critical,0.8140543,0.6210245,True,True
138894.0,-0.339149468882048,-3.98612171800953,-3.42933865379626,1.13284323976549,-0.669330015143852,0.178293737515639,1.49722496101364,-0.249285299938836,0.852527986514098,-1.26396600993148,0.456263497136722,0.0534458374888779,-1.23679071004653,-0.901153343533605,-0.424657307527583,0.65813642865005,0.800525502677951,1.23004472508441,0.260901750135003,2.29192177608436,0.477585614441969,-1.28234551150742,-0.936183731453835,-0.0121174655110501,-0.48657006503708,-0.229081276177814,-0.255142102946877,0.183109895197154,1236.65,0,Critical,0.999897,0.99978215,True,True
141093.0,0.136757107712895,-3.01647496564102,-2.81918991945038,1.05922561858636,-0.621211441103903,-0.274642683930156,1.23570623772815,-0.291595025066909,0.653258721654059,-1.17491136904208,1.26198241483118,0.914115038237786,-0.180573460439194,-1.16526780265492,-0.641910276550691,0.36912386990491,0.967020513461199,0.805411628622642,0.0856763651163138,1.79782627665015,0.3719983621861,-0.915769552808935,-0.62945216739805,0.680650520911557,-0.435643624590557,-0.246021530978168,-0.195184202327661,0.145473091771953,966.27,0,Critical,0.9999962,0.9999963,True,True
143149.0,0.86985881164426,-1.95992349849083,-2.61273304474679,0.666434092758298,-0.14555890122257,-0.114712489751364,0.626656988346168,-0.0629229409257088,0.937220027711354,-0.969477420027965,0.689956992134626,0.0311879595554741,-1.58385747525835,-0.988400716368436,-0.455723531055793,0.450849313977638,0.939565236318935,0.95109744163679,0.300163956271433,0.963127485084953,0.110243037006817,-0.890195766201585,-0.332529062511817,0.150189155333641,-0.306472215703057,-0.170647287038703,-0.131998995050037,0.0733244941234828,597.04,0,Critical,0.0001359575,0.99119824,False,True
143877.0,-0.818121790411564,0.235508689551287,-3.51777296509368,-0.10171904731065,-2.29603654144199,1.15116578016535,5.41364830326141,-1.17177991576303,-0.226352484894962,0.0966697381253233,0.734087427629247,-0.0303974968721215,-0.933118511379949,0.938371964664933,-0.594246372847896,-0.852291343175517,-0.431336947164978,0.435429278443826,0.973997270214149,-0.850088239194436,0.149477405072634,1.98001517352148,0.389762447603123,0.881271156559665,-0.892066294506754,-0.419661632311327,1.09211939250597,0.249863799141557,860.0,0,Critical,7.886535e-19,0.9999684,False,True
143962.0,0.227510293256109,-2.79389267362054,-2.65832473870593,2.16199464687328,-0.573159462174289,-0.901785843625565,1.86331820875158,-0.65504931266412,0.181301412158947,-0.153011377202496,-1.12223364418368,0.0310472814821093,-0.665575643046153,0.854061859445311,-0.383726598626539,-0.525422058691075,-0.128231941770359,-0.303598660829094,-0.441077818709328,1.57683441969995,0.60430157774029,-0.194239583369951,-0.829793502648173,0.0588674859720812,0.111657207077405,-0.591618075039771,-0.198718606470586,0.100335401771324,945.9,0,Critical,0.07800013,0.9990362,False,True
145306.0,-0.633401828627054,0.645538874025765,-2.10177996432376,0.0548403453101085,-3.0173350454719,1.18038365856388,5.06665072576448,-1.00606345548627,0.0914509038790535,-2.178779623154,-0.370656578111192,-0.612727915431841,-0.424859085048689,-2.35101676837133,-0.389449659753014,0.416105708902424,1.4456513853628,0.544893844826433,-0.41478947894053,-0.617653533956526,-0.30525497551136,0.0007848365364211,0.058805753065358,-0.142885156350678,-0.0329249674396092,-0.359811836800821,0.389654709037818,-0.20653171052744,892.16,0,Critical,0.11715268,1.0,False,True
145732.0,0.548840368180457,-1.81289408191693,-3.83622888153926,1.28366130266781,0.0466807432284605,-1.46011738417383,1.47276767571471,-0.461376878657367,0.681019592307234,-2.05631451784901,1.78985786873369,0.13419458141868,-1.31423446354217,-2.9941544014437,-0.547071597843907,0.442349106922365,2.88711429436718,1.99676581995999,-0.151813669183075,1.30415166480156,0.4064558995969,-0.21918043407243,-0.780636616929845,-0.196359315490504,0.19969382993017,-0.510085141931828,-0.104061362748446,0.140374706829767,751.75,0,Critical,0.99998665,0.9999399,True,True
148431.0,1.01749807227787,-1.64214824315661,-2.65183416531858,0.459162767051025,0.344952062630193,0.23266354960134,0.700627257511258,-0.155990564788897,0.608967307860807,-0.956028687749342,0.621968447852947,1.2084824768333,0.977319368862711,-1.37850921708633,-0.712807613211978,0.426142428024562,0.503070334176422,0.73496003865932,0.511194623443148,1.01815252740017,0.0794745855376118,-0.727868515157665,-0.371616145848285,-0.272100265282235,-0.135387651052422,-0.14202979401467,-0.107496151531427,0.0605204672266396,540.32,0,Critical,0.029971847,0.9507276,False,True
149332.0,0.409146736819376,-2.64220754404298,-1.93242215053176,2.01413483744201,-0.515470403632962,0.500779286025901,0.957021164563722,-0.190798299747015,0.488963220333538,-0.119118774759221,0.435917402799114,1.56274743637413,0.550619040051327,0.117778157596519,-1.87731659615869,-0.580404573950674,-0.223046946071645,0.28775563034607,-0.183609154252353,1.39471388996596,0.82520682412973,0.981695855779766,-0.828945873313449,0.827067119711991,0.290935318137769,-0.339292678830114,-0.123929026908804,0.0798855671674877,800.0,0,Critical,1.05829026e-10,0.9972915,False,True
150711.0,-1.09439913326214,1.50366648523001,-1.72092489672862,0.848792139784867,-0.958190691468676,0.660178867482652,3.17478256619713,-0.218069340317602,-0.963931601868129,-1.7077027926295,-0.305158992068387,-0.243109414186153,0.608117496715434,-1.86503496642115,0.427560014995928,0.797326475071322,1.35487356065263,0.664425623594602,-0.295864821055497,-0.403253890063512,-0.317634204782667,-0.62195024628484,0.285310680388592,0.387742031357281,-0.46119547460133,-0.962461109335218,0.169386727747103,0.0457942656265856,514.9,0,Critical,0.031428456,0.9989378,False,True
151536.0,0.958762771309078,-1.77355913596892,-2.69574763855289,0.488397120614247,0.272106848360864,0.232064411546995,0.708008474163845,-0.136435385109762,0.67843179302482,-0.955939176931165,0.540155620625253,0.953233770205352,0.500430248650538,-1.27568843757252,-0.656091905067206,0.452750912559125,0.531525691948671,0.800321317586756,0.504798786170297,1.04879462456555,0.0922408003967788,-0.783315650042474,-0.392463290972132,-0.283753926955359,-0.162801795616177,-0.14363668189155,-0.116358890381524,0.0647465294996388,570.54,0,Critical,0.98887527,0.9995122,True,True
151580.0,-0.932058587892327,0.462100333226775,-1.86047049430466,-0.0659286042865177,-4.48931403540882,2.09353246598967,6.14023867237951,-1.23282007251629,-0.0828459059784595,-2.14492804835919,-0.399473368863239,-0.373899564799742,0.239410288819781,-1.90952730084519,-0.113970458208507,0.292231710219897,1.04167485281661,0.310060151022883,0.403205039759627,-0.615720272158407,-0.418100179894348,-0.0884065804844375,0.130734697466036,0.0129511222799984,-0.4744669052764,-0.0929349435358341,0.679435658577576,-0.17659781153308,1158.3,0,Critical,0.01596306,0.9836875,False,True
152529.0,0.501362018262992,-2.68157131814734,-2.15992964459813,1.00377836269475,-0.682559935734307,-0.317120913770156,1.13150509563587,-0.359265810471599,0.623418956138847,-0.335472912978584,0.412513394691728,1.15045134796867,-0.0632041243839429,0.553956951442217,-0.993858721802487,-0.283173020905257,-0.430203377264914,0.205741197093563,0.402158243290666,1.35505059995609,0.453505325223761,-0.228493219411222,-0.639961374255391,-0.278566386035977,-0.0947417356873307,-0.378231608934815,-0.162234475098496,0.0665399228092088,791.46,0,Critical,7.5857075e-05,0.95894784,False,True
152752.0,1.04391302270898,-0.944890610516889,-3.34404543047201,1.11542994644755,0.293002710186321,-1.59564113205926,1.19558315157974,-0.438435938642505,0.275685827237092,-1.51427477128606,1.93018887995256,0.152182564815262,-0.975225994181756,-2.31443335529603,0.156094170224882,0.727992560785477,2.10470574399114,1.81323031442633,-0.353781299461519,0.80469178722643,0.273758947702648,-0.180792214909498,-0.467811800444802,-0.189787513562366,0.127658144689465,-0.593045071707736,-0.0696480068449204,0.0903005131799576,500.11,0,Critical,0.99972624,0.9999962,True,True
154309.0,-0.0829834650336291,-3.93591892431521,-2.6167089860612,0.163310074791927,-1.40095182767067,-0.809419404822953,1.50157983974791,-0.47099958719182,1.51974319879361,-1.13445381068391,0.71387764641859,0.979674835308759,-1.33903126624009,0.984993219111346,-0.382470968292812,-0.934615796103053,-0.0524194348357059,0.51116178431397,0.731998749113651,1.87861160253024,0.70267203994139,-0.182304775613767,-0.921016986180311,0.111635488151138,-0.0716222119619373,-1.12588109590433,-0.170947427341269,0.126221382847378,1096.99,1,Critical,0.9980927,0.99999905,True,True
155238.0,-1.53707660534669,-0.753756389521467,-1.37300882499929,-0.656434100287074,-3.83966054605259,1.66471050166696,6.54226566745194,-1.4376720862123,0.269772846754561,-0.866047063479662,-0.813569515109213,-1.18490502066315,-1.42990819503282,0.0274443792622173,0.114615017144186,-0.217166292535517,-0.57012260655953,-0.378939982168045,-0.101829049265271,0.351415682559684,-0.324293218912673,-0.112582924472287,0.643957971554063,-0.0100025487434372,0.0193952575539136,-0.141524784492027,0.647794707039284,-0.483668144310556,1217.11,0,Critical,2.9794058e-16,0.98656034,False,True
155324.0,-1.00353843467075,-0.750978999356098,-1.76932314629387,-0.711085232660876,-3.09938569125128,1.83281128001559,5.88463617912697,-1.29837674331915,0.383622621244734,-0.683119776390971,-0.754391692773662,-0.679089972864829,-0.488668916127494,-0.223458619483069,0.0676877512700224,-0.149134395312741,-0.708383982382342,-0.474859923611579,-0.171161064498298,0.379466306848056,-0.365289264214823,-0.252007736305616,0.655279834295823,0.616931202424216,0.228982635795519,-0.164867253018509,0.453205720595941,-0.643227528454697,1103.37,0,Critical,2.6913858e-09,0.69196326,False,True
155431.0,-1.33132520722033,-5.91865740602152,-3.44689660871261,1.42191444576669,-1.42368663822548,0.419437658442067,2.32912583677855,-0.603381205214452,0.90159835671213,-1.04776606502275,-1.5866752878415,0.442740200669867,0.514536923191158,0.410801558149783,0.0221429215700113,-0.0401812823782025,-0.351563936630788,-0.0296527287280862,0.0791474926189401,3.44271184228386,0.85848493121525,-1.33650398387142,-1.41072542855702,0.140464277166445,-0.594094830654673,-0.268686564202863,-0.365517523073158,0.253691087938156,1783.78,0,Critical,2.4047782e-05,0.7498681,False,True
156290.0,-0.226419231437985,-3.64818771960954,-2.96293755197573,1.22507577484649,-0.902775292290049,-0.390546172085634,1.56127775377235,-0.434667316427741,0.62099660910824,-1.20932939404674,0.9807230643509,1.05680574525378,0.246033674973028,-1.05003518257177,-0.688028294028104,0.408116795353893,0.736811542125399,0.819434738491732,0.163907753143852,2.19601772376827,0.485324113956949,-0.978086640249717,-0.883942993878043,-0.386317676934797,-0.467736610885084,-0.211982851307147,-0.22725844901059,0.166557478495045,1162.55,0,Critical,0.15202922,0.99743587,False,True
157276.0,0.879004058934481,-1.51122829750167,-2.84150785744656,1.18868804792771,0.169013052277908,-0.716404545190717,1.15309175418493,-0.468192046222924,0.581254510190158,-1.34709571019229,-0.245638115782317,0.810523223779025,1.24978212055948,-2.13074818322786,-0.219553003795669,0.0939473255132725,1.45221217248994,0.418954493117004,-0.223731216416108,1.14775653396329,0.195914192469381,-0.470331060306224,-0.456413555145071,0.562259785952974,0.043322112080818,-0.391470777463966,-0.0933718035310476,0.104348195716259,608.15,0,Critical,0.9999963,0.9999999,True,True
158497.0,-0.298209780109378,-0.220727559135062,-1.92021065431817,1.44252633444589,-3.6754404141695,1.83749826732649,6.04883479954229,-1.63723159867021,-0.715742664834524,-0.609174435172691,0.0416020573612657,-0.539839088329916,0.839495507323749,-1.39189433477421,1.32924317421083,-0.752644442208722,1.23517883405712,0.20309204725643,2.51595351035298,0.609926084478489,-0.197347059743968,0.225925568911073,0.852585024287729,0.0504465544502155,-1.2432852013366,0.689118537863703,0.23956361962912,-0.429975200932624,1125.0,0,Critical,5.313874e-07,0.9999999,False,True
159503.0,-0.372244366038649,1.23453973292596,-4.12555910682512,0.263315132678677,-0.541723920100889,-0.239695908747622,3.98011412145887,-0.569129615973974,-0.726374798194602,-1.61104706346076,-0.374896129607028,-0.137964616719013,0.524943378532157,-1.39175546131011,0.0504151615939634,-0.448326468300274,1.84690801896468,0.883344725068412,0.248620268672328,0.0508522021909461,0.405289251440596,1.54944436287243,0.393433430430918,0.500596420254685,-0.889834639232658,-0.426215556172606,0.606420998872787,0.251864834906683,583.8,0,Critical,1.4892018e-09,0.99901235,False,True
161507.0,-0.296674976282767,-3.79567631987906,-3.33552506278645,1.25897540052292,-0.632899869435007,-0.128117161905434,1.68050773359151,-0.466651629216744,0.866466568022171,-1.48215200486855,-0.773634788211554,0.261842019500157,0.353797754196481,-1.39083308688595,0.140004806028327,0.278770368538366,1.0824203219456,0.397764475273111,-0.173200319463452,2.34713164010603,0.454793416882518,-1.20754378141897,-0.9051214567726,0.206343209844386,-0.43882610447294,-0.221360120660569,-0.235929433695798,0.196040483905815,1226.53,0,Critical,0.9999962,0.9999746,True,True
162087.0,0.239106552158575,-2.24388055138609,-3.908917894209,1.53396095209259,-0.0019778353854624,-1.56042340680423,1.93056730263914,-0.71840574562268,0.346954269573907,-1.92493771395489,0.306592203638614,-0.0388104891089135,0.178376693152684,-2.60761155893823,0.86537248026088,0.533529414446949,2.3102128539272,1.25411486614678,-0.800729640234012,1.75165617472684,0.495218592133123,-0.453203933455854,-0.868760863187406,-0.301991172714947,0.0354664927363495,-0.610527758923032,-0.139796843272746,0.177038463744171,940.65,0,Critical,0.9999945,0.9998754,True,True
164557.0,0.451425716738236,-2.57799675260669,-3.00431099175756,0.741859098954363,-0.0124283121721421,0.244537297921964,1.05103000514813,-0.201946980978985,0.658489150758492,-1.13112072014942,0.64535872435982,0.887592809792041,0.372155661282598,-1.32708164431238,-0.599191366850498,0.513119932163479,0.693814328641046,0.904617842983727,0.366285946709644,1.56696212316052,0.245417484361147,-0.936286321590452,-0.609275187661014,-0.193164203642318,-0.275231396016211,-0.176453119343125,-0.164324373003316,0.113581533961356,829.1,0,Critical,0.99770373,0.99993324,True,True
166618.0,0.455940258085269,-2.21886042060756,-3.0376390534957,1.27769680760336,-0.0730263018964464,-0.368992738666716,1.21520058237421,-0.289290825388479,0.454769594553176,-1.28806501155914,1.47866937948472,0.951039041728281,0.030983260708279,-1.77007294670439,-0.723821219611925,0.304499996097736,1.47159813370727,1.00607620635386,-0.130320854435923,1.45752498990503,0.356350584016245,-0.515557110588502,-0.596298243947182,0.572967910351298,-0.127809410525524,-0.428838575816392,-0.134947404171985,0.127618214439947,794.12,0,Critical,0.9999976,0.9999989,True,True
166758.0,0.869012988738752,-1.86909016248656,-2.5314770681289,0.816650471362929,-0.20294867508376,-0.679787091259633,0.991940373516194,-0.453911199379023,0.878718630989107,-1.14775410013853,-0.956453249053102,0.539711008026129,0.895295169291119,-1.5073904287967,-0.0924114886617291,0.222111378035022,0.802822275167268,0.263540850008652,0.179988283524302,1.15358291836762,0.0942532096277019,-0.830015646042143,-0.456483629691812,-0.716043755065536,-0.172958634203743,-0.116839758175781,-0.119702374392795,0.0817791219816322,631.5,0,Critical,0.7128971,0.8907936,True,True
166974.0,-0.425914675442537,0.157949556896946,-2.1526669809312,-0.0738425071020389,-0.272314637138708,0.250956081241894,3.39845674686879,-0.898711291177168,-0.45011090316683,-0.481566637764259,1.14604408161449,-0.320280266674509,-1.11103353596872,-0.758230459733751,-0.804007871001398,-0.0586896056421223,0.562276014884017,0.490232902356443,0.403135184722548,-0.500109862892842,-0.0009923321670773,0.707211944708713,-0.170303984598165,0.709869711370961,-0.578320435362791,0.53933937125672,0.045315270154384,-0.272949847307268,522.3,0,Critical,6.355612e-07,0.99998903,False,True
167788.0,0.0924739634882551,-2.95805689372143,-3.52479672595598,1.33365036685104,-0.107380012092226,-0.0741568813560319,1.45016548344718,-0.292519083976142,0.581562427742354,-1.35619181335687,0.80400270275941,0.361760156405668,-0.568236155615157,-1.61404278526413,-0.622342616655059,0.589255571932209,1.2600667749888,1.41213153182485,0.0897628352514158,1.86811131520223,0.434117714513235,-0.81527303096091,-0.851048634565148,0.0530495982681007,-0.141141253001304,-0.419443521763601,-0.183910994731074,0.157973822188874,1007.0,0,Critical,0.9999975,0.9999919,True,True
168323.0,0.602187566732349,-2.29470557657231,-2.50140503056951,0.833720622486974,-0.399323713922817,-0.256215816158192,0.868450864904851,-0.184276902972792,0.7307630793486,-1.00188706605428,1.20835195277051,0.794572771304897,-0.508031248141862,-1.01253493764605,-0.607675015087868,0.247879602666078,0.917458231659245,0.641272380810929,0.118885948274599,1.27067138594614,0.233612566978616,-0.766850072361431,-0.402359250471853,0.61305794389581,-0.369543305548201,-0.213340437525944,-0.149421684144954,0.0984043894502027,721.55,0,Critical,0.9999782,0.99999726,True,True
168931.0,-0.393193497474924,0.931576277891302,-3.95714043489574,0.183789904193384,-0.624829661603133,0.0570139553209041,4.11515155154294,-0.600036843185512,-0.665242672807197,-1.21492953500676,1.3422083063715,-0.166617898129463,-0.863414542142338,-1.1473055379594,-0.48582201477509,-0.306927708629467,1.61472122223442,1.46077760146992,0.492368717330774,0.0480861617160704,0.396430097120285,1.61790743642046,0.435435051918868,0.568023502418008,-0.995441314904534,-0.475394329596743,0.448764756941544,0.0058873873225654,614.84,0,Critical,4.8499055e-10,0.99945813,False,True
168939.0,-0.639922154014936,-0.282427854034213,-2.19683510909106,1.38829694766371,-3.84261544561333,2.25592369318687,5.27971570002225,-0.93827835739167,-0.899607463449531,-0.905160694831156,1.14251703983361,-0.381834345248221,-0.0506794111583037,-0.477713041761373,1.55091469715015,-0.170605247986502,0.792804807826773,1.80828985912925,2.53038268260252,0.392614566852309,0.336812056522077,1.37615790990874,0.742875501945919,-0.353523146751898,-0.737702107210394,0.19156984127256,0.632523479878982,-0.010078959980656,1115.06,0,Critical,2.7285328e-17,0.99999785,False,True
171275.0,-0.789966942972605,-0.0145662097027088,-1.52305109443036,0.110401372129344,-1.41051324838013,0.0416073147761407,3.39625149639156,-0.723071282899296,-0.123301309057608,-1.11563493046792,-0.381078968161979,-0.207979592228515,0.515198245177236,-0.992957738172132,0.820229899957167,0.208835636569006,0.340709312568607,0.654269467898081,-0.300513821356146,0.166840695135486,0.247885674422657,1.04781073126451,0.283505674711996,-0.1179883670515,-0.218162745459587,-0.132934292002274,0.517407357868343,0.076563394724725,639.36,0,Critical,0.011847716,0.99462056,False,True
