Time,Amount,Risk_Tier,Class,V1,V2,V3,V4,V5,V6,V7,V8,V9,V10,V11,V12,V13,V14,V15,V16,V17,V18,V19,V20,V21,V22,V23,V24,V25,V26,V27,V28,scenario,scenario_label,m2_pred,m2_defer_prob,deferred_m2,m3_pred,m3_defer_prob,deferred_m3,is_known_divergent
48884.0,19.73,Low,1,-2.13905055735992,1.39436766175691,-0.612034894995233,1.04932705568948,-1.1621019076536,-0.768219363115428,-1.99723740081007,0.574996543366778,-0.98083177624058,-2.49561924548174,2.5555891530874,-3.53043627008024,-1.01623381526368,-3.45519657744236,-0.0563633864076254,-2.46773703008032,-7.14032596614864,-1.27128002161365,-0.0017219235416342,0.0254265126136498,0.696954881120808,0.740003045389771,-0.15511524943514,-0.0506074460808317,0.268368293338874,-0.469432841163864,-0.405813768055179,-0.152170846988601,baseline_agree,"Both agree, no dispute (real fraud, both auto-flag correctly)",Fraud,2.2197194e-33,False,Fraud,3.2143557e-27,False,False
68357.0,19.59,Low,1,1.23260446981971,-0.548931183157109,1.08787266901823,0.894081819978967,-1.43305489904701,-0.356797142170886,-0.717492197160233,0.003166531089953,-0.100396732730679,0.54318725600578,-1.03941706835478,0.285261608751792,-0.206006567752438,-0.498521775750102,-1.06410845071827,-2.1560365431533,0.564761098405632,0.837856659648528,-0.728989760343786,-0.576274061414969,-0.448670516618872,-0.517567967949267,0.0128333352729761,0.699216728009832,0.527257980520248,-0.322606503047991,0.080805437438631,0.0354271820131481,baseline_agree,"Both agree, no dispute (real fraud, both auto-flag correctly)",Fraud,3.6988157e-10,False,Fraud,1.1129374e-06,False,False
61646.0,19.04,Low,1,-1.52230450950001,1.50515204317029,0.372364350808073,2.28686855813503,-0.526518744404641,0.998593092488712,-1.0875560400314,-0.027248402908359,-0.533001251290556,0.169572797878818,2.79039639060721,-2.31695189213093,-0.78253178710191,-3.43173796295146,-0.527701760836688,-3.2935576903327,-3.90149898369755,-2.52544048175208,0.79514422023384,0.412800620721233,0.332216175668172,0.493980864616249,-0.0801982925908616,-0.253327337787628,-0.477799682605952,0.991739677999628,-0.952553959120801,-0.39036399798095,baseline_agree,"Both agree, no dispute (real fraud, both auto-flag correctly)",Fraud,0.0,False,Fraud,1.4725836999999999e-33,False,False
161096.0,22.0,Low,0,-0.11161278444739,0.0564129329536423,1.06278836713239,-0.730027156763881,0.562901106813881,-0.274253544784791,0.608937994772197,-0.409136861681225,1.21532583998002,-0.248933773500772,-1.81791709427023,-0.850022661189597,-0.87735258478123,-0.48476104473385,0.34433197794488,0.181328688307226,-1.12247222969759,0.752358679547816,-0.25227689935511,-0.085590003425506,0.287303937093053,1.25869663325222,-0.247016247806791,-0.645567379913837,-0.833726766737017,-0.334384423681673,-0.20213022433784,-0.174099000796154,baseline_agree,"Both agree, no dispute (legitimate transaction, both auto-approve correctly)",Normal,0.0,False,Normal,0.0,False,False
34283.0,22.0,Low,0,1.19188474004636,0.152105170976218,-0.133817842662434,0.960650377881424,0.647166213656008,0.944546051363846,0.0250796724102128,0.155319109763093,-0.0327820158254949,0.0097313464468562,0.122190152019649,1.31814039976561,1.05326776987875,-0.0206095736624442,-0.80699757045139,-0.177201443610374,-0.539344059948915,-0.163375277163967,0.422716688593316,-0.0420422882431776,-0.119321100840431,-0.116159789579183,-0.267470880091464,-1.30501391314912,0.844022260375783,-0.250225657351704,0.0385252237164024,-0.0034760879348976,baseline_agree,"Both agree, no dispute (legitimate transaction, both auto-approve correctly)",Normal,2.6448875e-17,False,Normal,5.7463034e-10,False,False
34196.0,22.0,Low,0,1.31137141778727,-0.794130238742193,0.93883874360315,-0.663102078870744,-1.40479624229251,-0.274600298491888,-1.14324905347336,0.116736942275892,-0.283200983619143,0.582659642416974,-0.231800886606036,-0.968928897364908,-0.494353282245325,-0.260988444184406,1.45425537167002,1.2247675635086,0.379884141383387,-1.2038746303792,-0.133403683972484,0.0288712185667044,0.406076916903125,1.10143485598582,-0.0718930280198305,0.108897896684659,0.324030254541847,-0.0184426686337726,0.0469379208181765,0.0225911137974935,baseline_agree,"Both agree, no dispute (legitimate transaction, both auto-approve correctly)",Normal,0.0,False,Normal,0.0,False,False
74159.0,76.94,Medium,1,-1.54878809850026,1.80869795041448,-0.953509033832342,2.21308539346999,-2.01572779170327,-0.913456844516923,-2.35601298316433,1.19716896702387,-1.67837405659509,-3.53865023182429,3.1020899271543,-3.99337305447702,-1.93741062327519,-3.82289410599595,0.830970110708369,-2.47535885382925,-5.21187516766885,-0.413871678166879,0.933262164554872,0.390785963777347,0.855138263312025,0.77474482148342,0.0590371520063436,0.343199807900813,-0.468937928609185,-0.278337986906642,0.625922215184372,0.395573378256676,baseline_agree,"Both agree, no dispute (real fraud, both auto-flag correctly)",Fraud,1.7256050000000002e-23,False,Fraud,1.2254482e-18,False,False
93823.0,75.86,Medium,1,-3.82193880087939,5.66724730913206,-9.24496345774236,8.24614693395311,-4.36828608664298,-3.45073451820581,-8.42737802930292,2.30560850484611,-5.33807918394682,-12.0111608836062,8.62125508140256,-18.6837146333443,-0.962073428413392,-15.2976561861343,-2.41413212341002,-12.105602245184,-21.3381950868483,-8.04543571561822,0.15601503277122,1.11524688892983,1.99051970513882,0.0833533215963405,-0.0622635530228708,0.390187802079359,0.329883884451897,0.0980170825531413,1.86957016296191,1.00084956292018,baseline_agree,"Both agree, no dispute (real fraud, both auto-flag correctly)",Fraud,0.0,False,Fraud,0.0,False,False
128471.0,67.9,Medium,1,0.909123838691231,1.33765782444144,-4.48472766746064,3.24535764512838,-0.417808776149092,-0.762118684149486,-2.5063487752776,0.694163949223675,-0.467555883753771,-4.5652600954372,3.61264534637429,-3.17193661178549,-0.400045818565063,-8.56945415472099,-1.61483120714345,-2.38820756249222,-2.57746443422373,0.0926786705401108,0.0982420128901166,0.445573384128196,0.586829162500182,0.59407754473212,-0.252120311226939,0.325438827876011,0.562765676359647,-0.256278184868886,0.652673806782709,0.319879228007944,baseline_agree,"Both agree, no dispute (real fraud, both auto-flag correctly)",Fraud,1.4460686999999998e-19,False,Fraud,3.2426317e-20,False,False
150284.0,77.0,Medium,0,2.076279318523,-0.663217956304626,-1.60938103735119,-0.526464074529424,-0.19832476076267,-0.963645114883338,0.0517370107073454,-0.407498159679041,-0.903687925173989,0.906582398807714,-0.76820969279682,0.184318960878306,0.903194997052744,0.289221804377942,0.378288909619545,-1.47477590463336,-0.23075452131923,0.578745082240909,-0.744495879078659,-0.403560749500902,-0.493530335983337,-1.07804409715275,0.317594277356233,0.720551051048765,-0.306192543081838,0.362631383071418,-0.0881306789054861,-0.0416551611053467,baseline_agree,"Both agree, no dispute (legitimate transaction, both auto-approve correctly)",Normal,0.0,False,Normal,0.0,False,False
150933.0,77.0,Medium,0,1.82010966895437,-0.42844047715503,-0.293160456416701,1.40717960125089,-0.776903376549007,-0.570974302049702,-0.450215153333138,-0.0242861561327952,1.06240053764781,0.224371773372896,-1.105671806602,-0.326568327272468,-0.961260683137919,0.235693609222935,0.903423474826405,0.517321378173747,-0.7215369270425,0.489549755507934,-0.781149237310371,-0.176474000364925,0.255600711857506,0.682014488827911,0.0898883543732814,0.0045597394380023,-0.153096724142795,-0.568157109704058,0.0365323219450469,-0.0196610223158896,baseline_agree,"Both agree, no dispute (legitimate transaction, both auto-approve correctly)",Normal,0.0,False,Normal,0.0,False,False
32837.0,77.0,Medium,0,1.15409203357141,-0.619552706429686,0.706540083321007,0.445653169057569,-1.08076617010515,-0.0497797080249131,-0.725798761838956,0.106449471393402,-0.924579700049187,0.996754370290173,0.620647472432795,0.109876280940872,-0.252228683012348,0.282100950556355,0.470096925664897,-0.715448303041118,-0.68998092363738,2.23524963149229,-0.989317810299581,-0.408559394917691,-0.180480619983733,-0.230882634450715,-0.0921749282466705,-0.061483883382372,0.355274985334557,-0.300991692039231,0.0480800315277326,0.034607917146094,baseline_agree,"Both agree, no dispute (legitimate transaction, both auto-approve correctly)",Normal,0.0,False,Normal,7.381643e-31,False,False
67150.0,489.71,High,1,-1.82429505976067,0.403326526860602,-1.99412200641801,2.75655816357726,-3.13906432572579,0.408185014718199,-1.20904511871624,1.09563435393431,-1.44722489217345,-3.95100289197434,2.56070020158284,-3.4119829114195,-0.781669619949492,-4.7327675351632,-0.433973654922625,-3.30608841178359,-4.23102187544855,-0.750809770409941,2.69080834203374,1.50368830479002,0.838760421033887,0.341727095787049,0.947506491293615,-0.145493002452622,0.0493257725258454,0.831065451615044,0.33242130393302,0.252712728641008,baseline_agree,"Both agree, no dispute (real fraud, both auto-flag correctly)",Fraud,7.0452087e-28,False,Fraud,4.2462438e-20,False,False
41227.0,459.07,High,1,-9.00135134450649,6.61328394324752,-12.4236347238918,7.51992923163014,-10.2662546389665,-2.11320754204122,-9.98428744767688,5.54194143253089,-7.38370453522347,-13.2151722995049,6.89518136811315,-13.2796997105282,0.755263578785977,-13.4170122721265,-0.210774362111057,-10.9226551270595,-21.90649321637,-8.82981976595275,1.85246698871594,-0.645393857931055,1.7758908996538,-1.22475761150578,0.0825935414630254,0.452088727391883,0.463827332847796,-0.296928065001458,0.526505578079938,-0.450890488772313,baseline_agree,"Both agree, no dispute (real fraud, both auto-flag correctly)",Fraud,0.0,False,Fraud,0.0,False,False
60353.0,454.82,High,1,-3.97521647515777,0.581573270980264,-1.88037210743636,4.31924127992395,-3.02432976021596,1.24079277107972,-1.90955892631241,0.660717557074542,-2.7526105653686,-3.55038539904852,4.83896418696128,-6.04023537903875,-0.374460483695606,-6.22194535944177,0.958758443736388,-5.07364263456328,-10.441008666182,-3.75552460094433,0.606452965011177,-0.656511434265513,0.578984295739867,1.39731081981072,1.04532195036713,-0.303999869268857,0.0052949592507338,0.235435243641064,0.962014797484666,-0.67355739317081,baseline_agree,"Both agree, no dispute (real fraud, both auto-flag correctly)",Fraud,0.0,False,Fraud,0.0,False,False
171203.0,500.0,High,0,0.999878723436724,-2.10714577841111,-0.936017874046178,0.414770498528087,-1.02658865256042,0.308348517560797,-0.149306086682722,0.0602794619497391,1.17551580842808,-0.287845987497894,0.819167270804191,1.20687456947663,0.197704867809587,0.0686380750247946,-0.0532491559054264,0.312536775327673,-0.653310871686696,0.643725035529792,-0.0640214066592368,0.831908993478587,0.531735831750202,0.606924116461512,-0.264504845179386,0.774351081143428,-0.378072263830612,0.0223289135686102,-0.081831271386296,0.0405213403816989,baseline_agree,"Both agree, no dispute (legitimate transaction, both auto-approve correctly)",Normal,2.9136188e-32,False,Normal,1.4679881e-21,False,False
156.0,500.0,High,0,-3.49486085637009,-2.89444973245688,1.63798883925287,-0.274975575422441,-0.389202932990922,-0.703274523812228,0.444194182862303,0.154266424226882,0.695817583847217,-0.568492239737202,1.0419564759106,0.841409533362485,-0.239347378236695,-0.415695785436682,-0.86117139437533,0.664272230059494,-0.593475405890095,0.237450522629567,-0.27236050245152,0.670036193539808,0.0170103072559315,-0.0635214954974176,0.676253817200301,0.596377135847149,0.114228989590223,0.834914728281705,0.309675190682032,0.632260840541457,baseline_agree,"Both agree, no dispute (legitimate transaction, both auto-approve correctly)",Normal,0.0,False,Normal,4.5113014e-27,False,False
147332.0,500.0,High,0,-3.6963400488338,-3.16230920660427,2.38361239590339,1.5646928051445,-1.59259653851315,0.742334238703847,-0.338364671893702,0.231184307051601,0.686363690571047,0.70445461791639,-1.4562215022785,0.485791837875961,0.866494059416206,-1.74079657898151,-1.09389111480181,-2.2023690408189,0.692568242315501,1.52749247419553,-0.0430400192420871,-0.0726663177810721,-0.447078060394246,0.276383962156518,0.160834588628773,0.451796732126376,0.740335087540043,-0.1476432337024,0.596244462289233,1.15827675069351,baseline_agree,"Both agree, no dispute (legitimate transaction, both auto-approve correctly)",Normal,6.049015000000001e-39,False,Normal,5.853143e-31,False,False
9064.0,1809.68,Critical,1,-3.49910753739178,0.258555160773118,-4.48955807274398,4.85389435139681,-6.97452154477167,3.62838209065084,5.43127092073166,-1.94673371078472,-0.775680092900109,-1.9877731876087,4.69039566550924,-6.9980424321007,1.45401198637847,-3.73802333366749,0.31774206255503,-2.01354268083989,-5.1361351026702,-1.18382211654359,1.66339401354543,-3.04262575715977,-1.05236825623151,0.204816873569406,-2.11900744010783,0.170278608305444,-0.393844118118335,0.296367194488607,1.98591321801306,-0.900451638402827,baseline_agree,"Both agree, no dispute (real fraud, both auto-flag correctly)",Fraud,1.6497732e-36,False,Fraud,1.7437393e-27,False,False
154278.0,1504.93,Critical,1,-1.60021129907252,-3.48813018118561,-6.45930280667571,3.24681566349703,-1.61460769860713,-1.26037454854632,0.288223321921388,-0.0489639910109505,-0.734974617920653,-4.44148408070017,2.94437484242405,-3.80546898374331,-2.10222683492697,-6.1061832734711,-0.641736399701777,-1.55596289626148,-2.08406707082134,0.394247352869229,0.0833797227600835,3.18935489592753,1.19117480721903,-0.96714144500067,-1.46342052446637,-0.624230851495284,-0.176461532068143,0.400348351070197,0.152946864261687,0.477774924576796,baseline_agree,"Both agree, no dispute (real fraud, both auto-flag correctly)",Fraud,7.894426e-14,False,Fraud,1.6633803e-19,False,False
62467.0,1402.16,Critical,1,-5.34466537543542,-0.285760408166142,-3.83561578178611,5.33704802681048,-7.60990870021268,3.8746680317393,1.28962992438915,0.201741916806601,-3.00353243733788,-3.9905513318108,4.98601380361468,-6.11638322304304,0.0423244061770454,-6.04339314434942,1.82140103177852,-4.7454624675489,-10.0756455907271,-3.6045960155148,1.43529381015392,-1.56216235780532,0.276010822180054,1.34204455689584,-1.01657869464831,-0.0713612973880671,-0.335869334726878,0.441044176004645,1.52061262049821,-1.11593680318009,baseline_agree,"Both agree, no dispute (real fraud, both auto-flag correctly)",Fraud,0.0,False,Fraud,0.0,False,False
166198.0,25691.16,Critical,0,-35.5485392112513,-31.8504841430453,-48.3255893623954,15.3041839851875,-113.743306711146,73.3016255459646,120.589493945238,-27.3473599337598,-3.87242453038611,-12.0054867807373,6.85389670664344,-9.18941787565569,7.12688295859376,-6.79594155719079,8.87774159774277,17.3151115176278,-7.17380530169518,-1.96804418826701,5.5017472139665,-54.497720494566,-21.6201196505274,5.71230304286357,-1.58109750786105,4.58454913689817,4.55468275626127,3.41563624349633,31.6121981061363,-15.4300839055349,baseline_agree,"Both agree, no dispute (legitimate transaction, both auto-approve correctly)",Normal,0.0,False,Normal,0.0,False,False
48401.0,19656.53,Critical,0,-36.8023199088745,-63.3446983175027,-20.6457938971874,16.7155373723131,-20.6720638844186,7.69400233548118,24.9565873373833,-4.73011069794637,-2.68731175419343,-8.4234037916184,1.18635975047694,1.87998205587773,3.49672267267696,4.08250345152737,1.40617806809999,0.773132920896379,0.902963574986372,5.04106918541184,-7.21352743017759,39.4209042482199,11.4553133416159,-10.933143697655,-17.1736649383127,1.18070013328976,-7.02578318190186,-2.53432972105675,-3.60247947620498,3.45022448127565,baseline_agree,"Both agree, no dispute (legitimate transaction, both auto-approve correctly)",Normal,0.0,False,Normal,0.0,False,False
95286.0,18910.0,Critical,0,-34.5492960902358,-60.4646176556493,-21.3408541341773,16.8753440335975,-19.2290753418689,6.33525946112305,24.4227156538183,-4.96456618217565,0.188912105920729,-8.90818214907509,-0.0835135132064674,-2.28186606376305,3.7393658809182,5.98921033200754,2.58216178487832,3.03287393448113,0.530778941130874,4.71239756635225,-6.93829731768481,38.1172091261285,11.5025799642917,-9.49942296430251,-16.5131859118675,0.744341223508735,-7.08132534637739,-2.60455055280817,-3.55096314850856,3.25080214603931,baseline_agree,"Both agree, no dispute (legitimate transaction, both auto-approve correctly)",Normal,0.0,False,Normal,0.0,False,False
146668.0,20.43,Low,0,-0.137012860627291,2.05498766204487,-0.914011469067137,3.19399101625872,2.1279983263825,-0.456051881629032,1.50723782200731,-0.193694163272152,-2.00789206985082,-0.398018480884429,-0.287535633970357,-0.511095521431277,0.918425252495789,-3.1990015045926,-1.18533827593984,1.63715941314329,1.51219544058091,0.608332375544961,-1.99858294902478,-0.111273442921082,-0.241198352404756,-0.688957374023714,0.100459719640203,0.43154358949674,-0.163746986661059,-0.291331141926202,-0.0784800359957137,0.0592721326241362,only_m2_defers,"Standard L2D defers, Risk-Sensitive L2D auto-decides",Fraud,0.8265576,True,Normal,0.008275323,False,True
135023.0,20.05,Low,0,1.8798722767784,1.20488778801131,-1.63709106737473,4.17656030763889,1.0041663114814,-0.764106410981638,0.542847256143227,-0.226513189993131,-1.19850097603794,0.279536792703595,-0.263214736533836,-0.275148531571543,0.580725958140735,-2.64928906458363,-0.680242344542193,1.64906115891696,1.35219062704202,0.321950801972705,-1.72933922538797,-0.139808332790336,-0.411570563790974,-1.14808038022064,0.283565565937854,-0.322396597647336,-0.227807503900057,-0.343697376262594,-0.0013788763899046,0.0214596556494856,only_m2_defers,"Standard L2D defers, Risk-Sensitive L2D auto-decides",Normal,0.5257345,True,Normal,0.0013776651,False,True
49563.0,19.99,Low,0,1.26210500151189,0.339177863275292,0.128807670718196,0.920958975445241,0.103703326713038,-0.390038987554261,0.183153232010305,-0.198047560249517,-0.0461964971244029,-0.0395721573844979,-0.938894296257761,0.498403738523504,1.2264878952545,0.0780184368788925,0.970266813701826,0.370901228787094,-0.838606677657804,-0.0177574741986303,-0.0689427567290493,-0.0142073183578507,-0.0875194420060523,-0.204898777622496,-0.149865195793726,-0.444656353202518,0.682967798689904,-0.391561670085443,0.0251965227054746,0.022034116470534,only_m2_defers,"Standard L2D defers, Risk-Sensitive L2D auto-decides",Normal,0.9167814,True,Normal,0.4896402,False,True
147902.0,17.35,Low,0,1.87196262619112,1.21454699596428,-1.60753896650631,4.18023559740884,1.01862045455049,-0.712667608613779,0.533767043023247,-0.210408213381956,-1.22130884232457,0.268840567791694,-0.138164370759845,-0.173951553077816,0.680295483712743,-2.66337708035646,-0.650290268020571,1.56678888527354,1.42430695938847,0.198312928685694,-1.82433929166615,-0.146218897766474,-0.401958566816889,-1.10229725556433,0.298899341947437,-0.308358822489331,-0.246210176894899,-0.342484130862256,0.0031356749546629,0.021300487601648,only_m2_defers,"Standard L2D defers, Risk-Sensitive L2D auto-decides",Normal,0.82197237,True,Normal,0.00025879082,False,True
147952.0,17.35,Low,0,1.88037264103425,1.23968683620724,-1.59757645310535,4.187658749862,1.00241815500299,-0.79742581213029,0.563522595268359,-0.249378856426851,-1.25379251160055,0.270841036461286,-0.143042660920339,-0.0736421392034554,0.903279625145416,-2.71241760633663,-0.722530388832199,1.61242547971132,1.35855939487555,0.257263999882711,-1.75729622903873,-0.126102262305669,-0.40471814500392,-1.10621364318118,0.290629449791023,-0.242787631001854,-0.22487146123551,-0.34890247706338,0.0014160554175734,0.0224243329002706,only_m2_defers,"Standard L2D defers, Risk-Sensitive L2D auto-decides",Normal,0.94846666,True,Normal,0.0028470869,False,True
72575.0,75.31,Medium,0,1.07990412078625,0.398926471326275,-0.02405965091648,2.7264770091925,0.306315417695553,0.262726090408979,0.099515592628321,0.0091248843086648,-0.230152325534798,0.019993579305567,-1.49338339490066,-0.191623524337596,0.315446761214149,-1.42011221152289,-0.736850356670294,0.733935904260548,0.3525147552398,0.263857618328611,-0.443407227514996,0.0526347665376305,-0.158619833862748,-0.394859055190223,-0.28307214573101,-0.644007800189929,0.740068107437736,0.129319752201304,0.0094955851637581,0.048329878487635,only_m2_defers,"Standard L2D defers, Risk-Sensitive L2D auto-decides",Normal,0.91693765,True,Normal,0.3751197,False,True
60377.0,75.08,Medium,0,1.01137649438193,0.38676900015711,0.3748099050016,2.96173339912892,-0.219700829814191,-0.313800516881928,0.0844794482479788,-0.0242135760773469,-0.214902274160148,0.03463696923933,-0.716343510209957,-0.15678411176601,-0.393593318835074,-1.25446168984283,-0.749625814140289,0.475447759339228,0.736761830680391,0.0123808279685971,-0.80592300992145,-0.014375163155329,-0.100994899171446,-0.258948395159994,-0.15702849648516,0.300016631999021,0.591982994714411,0.0715640764223185,0.0073838349252025,0.0568505267528476,only_m2_defers,"Standard L2D defers, Risk-Sensitive L2D auto-decides",Normal,0.80165213,True,Normal,0.011870945,False,True
5928.0,73.86,Medium,0,0.973322644132388,0.425238342559898,0.37945535488691,3.22390483887595,0.273829302437617,1.07164596176566,-0.528720535821331,0.241249850643109,1.59697857741379,-0.966451569940068,-0.17133708132335,-2.40355982629665,2.23864555298942,-1.60781758557542,-1.75876069080224,0.624952760149228,2.34639639743658,0.665324515107156,-1.1636153140498,0.0224648700535487,-0.222857145438972,-0.105321924696748,-0.299392694559888,-0.947050373300583,0.630948043888614,0.247439645162684,0.0542389677193441,0.0705216977988152,only_m2_defers,"Standard L2D defers, Risk-Sensitive L2D auto-decides",Normal,0.713053,True,Normal,0.17449647,False,True
65378.0,69.38,Medium,0,0.0600974994364029,1.29659534443388,-2.28625763087239,1.88325924934012,0.70931356206812,-2.04015432461959,0.605029278316189,0.164460837262125,-0.472657564979025,-1.44848156876508,0.516580743105447,-0.635082108296656,-0.40312181251403,-3.11732200397838,1.10063435577364,0.988721571870769,3.01449714319535,1.62777486629663,-0.437841969462855,0.235462754711056,-0.0315913680024175,-0.245817744199455,0.295687867214253,0.0253361424187977,-0.424129918862736,-0.404117694692962,0.114145200012172,-0.108162674042475,only_m2_defers,"Standard L2D defers, Risk-Sensitive L2D auto-decides",Normal,0.8958871,True,Normal,0.03465228,False,True
129792.0,65.23,Medium,0,1.84246708054555,-0.506468850710167,-1.35081096820909,0.719063924001275,-0.0957029818501619,0.0335985741554023,-0.401501808028997,0.135324819647421,1.15740734599411,-0.424926294688118,0.567695921948142,0.633461334134579,-0.964072973479243,-1.2500823513649,-1.72475149708781,-0.0961061641305532,0.90070131359194,0.617419292512779,0.251077665823851,-0.0958982661023753,0.222565913227981,0.884532351366198,-0.0878655903938851,0.706613978116312,0.162004513036542,0.799456076215102,-0.0446723471223478,-0.0356482705188642,only_m2_defers,"Standard L2D defers, Risk-Sensitive L2D auto-decides",Normal,0.88272214,True,Normal,0.4380155,False,True
77128.0,447.12,High,0,0.349686903743394,-1.27427138731497,-0.256370990901038,1.43311528471064,-1.01585698505781,-0.532832354825273,0.292888974523732,-0.124970436382447,0.847785629849866,-1.05453635916333,-0.564320193097428,-0.0680908939051009,-0.678973027334045,-1.63319202096917,-0.329438830871906,0.163170186330935,1.33581554385402,0.325518850139056,-0.135350295041459,0.781129446272406,0.159023376237187,-0.247407097070037,-0.530908945898509,0.350218892743508,0.411988245802159,0.5856680722958,-0.0799930134980211,0.118483305448515,only_m2_defers,"Standard L2D defers, Risk-Sensitive L2D auto-decides",Normal,0.91616756,True,Normal,0.32454586,False,True
71870.0,380.33,High,0,-0.695562430131896,0.112218252048467,1.13547727025908,3.39469153120446,-1.00144449238583,0.613589195877542,-0.686727005390556,-2.67368415641726,-1.43483404170018,0.0759657347836593,-0.520317122322245,-0.188912454952579,-0.337713108710352,0.880271720753211,1.56882100270821,0.524753394374371,0.0484171238280954,0.0514392720567446,0.28841974212784,1.50907419602379,-1.2435445110758,-0.487116843970218,-0.219741140150856,0.353795393425422,0.306643409851389,0.0132507516071055,0.0257865801240153,0.310464234797985,only_m2_defers,"Standard L2D defers, Risk-Sensitive L2D auto-decides",Fraud,0.9991516,True,Normal,0.040896315,False,True
51556.0,363.32,High,0,0.416070072961686,-1.05651417943047,0.229999178885332,1.81890051137878,-1.0654102317263,-0.130526349626816,0.0001169254441715,0.138752695186847,0.729522458805966,-0.635645486714466,1.00320546251487,0.357223436080587,-1.64904526690613,-0.898184158849962,-0.967004335720701,0.204820439624764,0.809178745495889,0.873217491657627,-0.037643546260062,0.512559900066285,0.159900389731574,-0.136355099259291,-0.413965894020648,0.459387304239942,0.441326453996262,-0.339634106424606,-0.0080371386058347,0.10230661256924,only_m2_defers,"Standard L2D defers, Risk-Sensitive L2D auto-decides",Fraud,0.99924904,True,Normal,0.4919865,False,True
128816.0,345.0,High,0,1.43233923624384,-0.390079457303804,-3.35725724147035,0.871481026247031,0.790256714490072,-1.38217643728592,1.03427250628217,-0.503882340102763,0.049532840335971,-1.38372819424345,0.248158880344795,-0.145849126123199,0.496012686566393,-2.90725942887336,0.557276968326709,0.904164573163104,2.18265857903308,0.904999564961956,-0.553175861291556,0.644795323256812,0.0744466415916018,-0.392838861923492,-0.254324805655382,0.475580135100515,0.0200064391687682,0.629422115064642,-0.128028966353374,0.0644850285799824,only_m2_defers,"Standard L2D defers, Risk-Sensitive L2D auto-decides",Normal,0.630536,True,Normal,0.0034917581,False,True
84550.0,288.59,High,0,0.715387573261637,-0.757810499998236,-0.420779411652029,1.10277752345102,-0.409982399615598,-0.098705018291105,0.0953318570289723,-0.0557933685669354,0.85539165309931,-0.992775788599887,-1.24003802833501,-0.110698295407952,-0.107245893514583,-1.8095819396095,-0.337708845279465,0.365789988524096,1.00010487239236,0.511298191120854,0.228563982575939,0.514510789253318,0.0129890998781274,-0.281207207751018,-0.500371875311683,-0.486128971354981,0.597537075992761,0.653106171913806,-0.04817803997013,0.0833415318669968,only_m2_defers,"Standard L2D defers, Risk-Sensitive L2D auto-decides",Normal,0.99741673,True,Normal,0.28702226,False,True
49883.0,546.01,Critical,0,0.0990831569516989,-1.08368792852162,-0.096485770673634,3.29553793221252,-0.70627198596609,-0.199165883096177,0.709359570319717,-0.124420317223134,-0.316813071558181,-0.183313467638419,-0.616677079205888,-0.268169325092546,-0.542131767125392,-1.04624785152381,-0.395920886986074,0.740341044495481,0.692419342731445,-0.0055534463016585,-0.922514055126637,0.93381225695028,-0.0307514548797302,-1.22118114710141,-0.404422210928419,0.264134073206892,0.161716803946915,-0.234886615416048,-0.0824624244942923,0.145027208085156,only_m2_defers,"Standard L2D defers, Risk-Sensitive L2D auto-decides",Normal,0.78691477,True,Normal,0.06063177,False,True
89702.0,502.39,Critical,0,-3.96366575519611,1.12651622492634,-2.60061994993028,-0.0500858865794592,-1.52245683446091,0.576915473918555,2.01550147132671,-5.28237384972723,1.68803468101953,1.28958456273722,-0.153131674199717,-0.221951466114289,0.0188801639828804,-1.70345996192855,1.08144429292201,0.361683052993988,0.429518317456971,0.555861350763785,-0.149417376719579,-2.38963848824473,3.2574676083951,-0.264868499578469,0.105322872456044,-0.0567464453425475,-0.0236278577688359,-0.134817081630919,0.189525735544369,1.301377097693,only_m2_defers,"Standard L2D defers, Risk-Sensitive L2D auto-decides",Normal,0.7274459,True,Normal,1.0866828e-05,False,True
67571.0,549.06,Critical,1,-0.758468652663917,-0.0454102784513458,-0.168438290153528,-1.31327481447103,-1.9017625315847,0.739433414882114,3.07189204639003,-0.483422244220096,0.61820276215476,-1.7690597207318,-0.651414013964987,-0.0054232908009888,-0.517194341398293,0.217469760178719,0.883558824493356,-1.17397764863161,0.24334710955825,-0.342300728238465,0.68705620239513,-0.0324998988871344,0.0426194565214976,0.397223782011498,0.0722288654476503,-0.242275996603303,0.560916469624214,-0.540954584325348,0.150606446374032,-0.117140114799884,only_m3_defers,"Risk-Sensitive L2D defers, Standard L2D auto-decides (real fraud)",Fraud,1.9252579e-05,False,Fraud,0.99999833,True,True
34521.0,1.52,Low,1,1.08123377540659,0.416413936043849,0.862918740651629,2.52086280678918,-0.0050205000585141,0.563341022808024,-0.123372251574041,0.223121852791809,-0.673597550149872,0.644549730341658,1.1205051770709,1.23777331256672,0.342362114422749,0.0383719793321978,-1.19450308848281,0.0854063439558358,-0.219143226460215,-0.694259215394403,-0.655269928208246,-0.16524877677618,-0.159387123973102,-0.305154013019185,0.0536197364326817,0.0117614442207135,0.375145782072105,-0.106298753298543,0.0210082653765087,0.0105592082435436,only_m3_defers,"Risk-Sensitive L2D defers, Standard L2D auto-decides (real fraud)",Fraud,0.00035564604,False,Normal,0.99715936,True,True
47545.0,0.76,Low,1,1.17671575912859,0.557090903443645,-0.490799622910899,0.756424293386678,0.2491915585394,-0.781870546568533,0.228750322026116,-0.0408400791377636,-0.432110564245139,-0.585778431385528,2.28193937592012,0.654566719272309,-0.310379432324912,-1.04370522504569,0.513750399321109,0.399177755263914,1.14313007770305,0.256013886486252,-0.511210088142662,-0.10277180482264,-0.0621660000083396,-0.128168129786567,-0.0401759895545737,0.110040347467026,0.437891432381746,0.368808854483266,-0.0182873480981415,0.0311734033163997,only_m3_defers,"Risk-Sensitive L2D defers, Standard L2D auto-decides (real fraud)",Fraud,0.071979046,False,Fraud,0.9979303,True,True
121640.0,20.03,Low,0,0.303548382299688,1.195214140431,-0.886812163272318,0.489647705066463,1.71599919125988,-0.740911664961026,1.71491375436261,-0.468811133259808,-0.388735711047616,-0.816107216636063,-0.747354105843569,-0.407560683340143,-0.325280071669663,-1.35423096424902,-0.734996815689425,-0.234654735345232,0.728655196916848,0.166039341615046,-0.612979517106353,-0.0910205872119122,-0.0243785920069489,0.22395938814748,-0.259458938469883,0.471797677213946,0.260122282738318,-0.617048130048791,-0.12771714081493,-0.193634777260864,only_m3_defers,"Risk-Sensitive L2D defers, Standard L2D auto-decides (legitimate transaction)",Normal,0.00032207704,False,Fraud,0.9992944,True,True
148925.0,20.01,Low,0,2.05488117693332,0.453226125119476,-2.63417479256059,1.33104986668472,1.30463953601148,-0.568705060387791,0.653888485039349,-0.276543848076186,0.21397102724783,-0.357824202627895,-1.21558938571625,-0.366692747388745,-0.447608366482227,-0.977569676405772,-0.240972729014031,-0.0104066548498215,0.766954061436614,0.296619049171611,-0.171569121256177,-0.196733010292152,-0.0803917898330809,-0.0616347460094741,-0.0841564353642618,-0.105855722427044,0.559432575007243,-0.479577055775222,-0.006255282405772,-0.0276682051178126,only_m3_defers,"Risk-Sensitive L2D defers, Standard L2D auto-decides (legitimate transaction)",Normal,0.4813507,False,Normal,0.9953927,True,True
162571.0,76.48,Medium,0,1.91266756763973,-0.112129285859979,-2.18076909073749,0.0996674657864336,0.856527586614615,0.0489251512654334,0.11190442918752,-0.0521709331209922,0.616109181188358,-0.807102435768122,0.70557375465325,1.30845640579995,1.16215636561229,-1.68375061316999,-0.786616665711371,0.398599492816152,0.585562253032701,0.669614898747489,0.635853638241829,0.0954792338551212,-0.206341963002818,-0.481974648378131,0.0316043682144855,-0.300777852431365,0.0443326421691587,-0.0934156298886167,-0.0163076153724354,-0.0164636347159296,only_m3_defers,"Risk-Sensitive L2D defers, Standard L2D auto-decides (legitimate transaction)",Normal,0.07908994,False,Normal,0.9997178,True,True
113528.0,76.36,Medium,0,1.9456151265668,0.233408499633871,-2.70882058046288,1.38217930632701,1.19987500681983,-0.561540064083108,0.691269405457765,-0.25985668295306,0.290789757833693,-0.367881546725472,-1.30877724369867,-0.65750711129031,-0.988735563295122,-0.855121870167581,-0.173410731288975,0.0228800384959583,0.800121158189937,0.375786830368824,-0.185845463211231,-0.117292453657537,-0.052584747111354,-0.136515465823665,-0.12720758548826,-0.11805492117119,0.520092977857191,-0.483739890167908,-0.0205055996397474,-0.0190404143671706,only_m3_defers,"Risk-Sensitive L2D defers, Standard L2D auto-decides (legitimate transaction)",Normal,0.005986632,False,Normal,0.89340895,True,True
141237.0,498.21,High,0,1.08788372774414,-1.46409426926329,-2.16439313112124,0.840754622449219,-0.379577473824303,-1.0503565786163,0.793861208414064,-0.426655592990516,0.930399187968619,-1.07226234952112,-0.554707230930076,0.456375006938417,0.29269027463903,-1.4087103794545,-0.0958592315841908,0.0687053800153452,1.02410031463132,0.118238658615467,0.0209706853628246,0.833542772699349,0.043664066910043,-0.699180787790362,-0.266007961728625,-0.191761148295698,-0.212919579353942,-0.134708788213863,-0.0969669558522909,0.0630442798074927,only_m3_defers,"Risk-Sensitive L2D defers, Standard L2D auto-decides (legitimate transaction)",Normal,0.018744458,False,Normal,0.5911039,True,True
151023.0,494.0,High,0,-1.17748157551765,0.548045714863803,-0.107948647760586,0.252510323688408,-1.00384228587781,0.103568204682557,3.01842419062075,-0.622753470319617,-0.779506062434228,-1.40794356382977,-0.211510795198406,-0.408716962431845,0.395485133650435,-0.88752414230814,1.39597783068675,-0.167583481694961,0.77315123825916,0.724485667523804,0.592852344110897,0.197413644039457,0.204250391587173,0.735126833788327,-0.264654819246265,-0.0346368290441888,0.968990640303547,0.200841230500345,0.123746222547756,-0.0119569017075737,only_m3_defers,"Risk-Sensitive L2D defers, Standard L2D auto-decides (legitimate transaction)",Normal,1.0750163e-08,False,Normal,0.828577,True,True
126019.0,1930.39,Critical,0,-0.543333767769418,-1.77943046262135,-5.05095209154774,0.786993991326212,-6.80150154477725,4.31592342445717,8.86653898396406,-2.74536985531362,-1.74792112287185,0.0896603497922822,-1.8082985297164,-2.50767258053915,-1.52726586032312,0.946864925976652,1.27626605343518,-2.62349491743915,0.498828725165005,2.12052096540479,1.92888468693785,-0.150082822349416,0.722818596204598,0.866732265011691,1.52143798678787,0.120230295412654,-1.21692687941086,0.233113415247534,1.03845645156493,-0.325022266481384,only_m3_defers,"Risk-Sensitive L2D defers, Standard L2D auto-decides (legitimate transaction)",Normal,4.7424960000000004e-39,False,Normal,0.99999726,True,True
155431.0,1783.78,Critical,0,-1.33132520722033,-5.91865740602152,-3.44689660871261,1.42191444576669,-1.42368663822548,0.419437658442067,2.32912583677855,-0.603381205214452,0.90159835671213,-1.04776606502275,-1.5866752878415,0.442740200669867,0.514536923191158,0.410801558149783,0.0221429215700113,-0.0401812823782025,-0.351563936630788,-0.0296527287280862,0.0791474926189401,3.44271184228386,0.85848493121525,-1.33650398387142,-1.41072542855702,0.140464277166445,-0.594094830654673,-0.268686564202863,-0.365517523073158,0.253691087938156,only_m3_defers,"Risk-Sensitive L2D defers, Standard L2D auto-decides (legitimate transaction)",Normal,2.4047782e-05,False,Normal,0.7498681,True,True
122608.0,2125.87,Critical,1,-2.00345953080582,-7.15904171709445,-4.05097631587393,1.30957974749918,-2.05810158798669,-0.0986209270722274,2.88008272715204,-0.727484046608914,1.4603805509699,-1.53160798206082,-1.39432826167269,-0.220718797789479,-1.53099043146804,1.0752476539262,0.388383209307268,-0.660655352312646,0.0933209955444861,0.335742221574637,0.0575510393537501,3.97321702726744,1.24428677489095,-1.01523228673153,-1.80098486605048,0.657585626965743,-0.435617246752788,-0.894508922176968,-0.39755738695085,0.314261714087509,both_defer,Both models defer to a human (real fraud),Fraud,0.99999785,True,Fraud,0.9999999,True,False
154309.0,1096.99,Critical,1,-0.0829834650336291,-3.93591892431521,-2.6167089860612,0.163310074791927,-1.40095182767067,-0.809419404822953,1.50157983974791,-0.47099958719182,1.51974319879361,-1.13445381068391,0.71387764641859,0.979674835308759,-1.33903126624009,0.984993219111346,-0.382470968292812,-0.934615796103053,-0.0524194348357059,0.51116178431397,0.731998749113651,1.87861160253024,0.70267203994139,-0.182304775613767,-0.921016986180311,0.111635488151138,-0.0716222119619373,-1.12588109590433,-0.170947427341269,0.126221382847378,both_defer,Both models defer to a human (real fraud),Fraud,0.9980927,True,Fraud,0.99999905,True,False
132086.0,480.72,High,1,-0.361427838541789,1.13347191665669,-2.97136044013455,-0.283072525739314,0.371451592836109,-0.574679962140979,4.03151344147581,-0.934397840999575,-0.768254682100259,-2.24811517395215,-0.482409384022894,-0.690550364277623,0.181274905167329,-2.37255179777895,-0.0068680461366328,0.146399068662885,1.75931419392615,1.08303951438991,-0.391047742407487,-0.0258616224927044,0.110814637422018,0.563860612681898,-0.408436059432732,-0.880078912517905,1.40839232295512,-0.137402363335706,-0.001249817072624,-0.18275089691206,both_defer,Both models defer to a human (real fraud),Fraud,0.9999726,True,Normal,0.99999535,True,False
152802.0,357.95,High,1,1.32272425078878,-0.843910597775511,-2.0968875375015,0.75975906867787,-0.196377115172222,-1.16635257897589,0.482534011071884,-0.349790812508124,1.04500741682416,-1.47497416110315,0.0110374511201705,0.483019027615191,0.665272820090391,-2.33279338224807,0.820578433757924,0.461206283587447,1.46805197816555,0.891705535237246,-0.45793403989618,0.585434736822602,0.133814675110081,-0.121562328444589,-0.208573690328062,-0.254751784229223,-0.0983244022531656,-0.613874016689451,0.0026541572433407,0.0723858076215552,both_defer,Both models defer to a human (real fraud),Normal,0.9999099,True,Fraud,0.9999784,True,False
129808.0,276.17,High,1,1.52207986461923,-0.51942947320952,-2.58168487999205,0.774741045624737,0.206721720660857,-1.43102011805619,0.757011225164691,-0.444418034237894,0.997921025301102,-1.4294901237515,-0.375466188651408,0.17909486429195,-0.148448551372914,-2.13515486441111,-0.0449156938101637,-0.0553327528802965,1.77869660251824,0.671832434178931,-0.00202115788658,0.361168932269551,0.0196494069605455,-0.211678284664816,-0.24745192402646,-0.279471886713974,0.239646122725123,-0.50839814288348,-0.015551488169813,0.0418807020330689,both_defer,Both models defer to a human (real fraud),Fraud,0.999819,True,Fraud,0.99974495,True,False
156685.0,187.11,High,1,-0.129777610843349,0.141547455482355,-0.894701869697703,-0.457662244561315,0.81060798093987,-0.504723385101755,1.37358754607199,-0.20947645080755,0.208493953635169,-1.61361833850235,-0.800150416391868,0.501435242117417,1.11801432626547,-1.81638414654661,-0.681282550845059,0.105946450120805,0.716591309767583,0.205284622719977,-0.0513220971157383,0.399447041317156,-0.0326432954176307,-0.246526436107371,0.484107764666265,0.359636576631937,-0.435972450825985,-0.248480311517488,0.0215269254860304,0.109191896780292,both_defer,Both models defer to a human (real fraud),Normal,0.999729,True,Normal,0.999964,True,False
159784.0,21.95,Low,0,2.05204270632183,0.536875655034542,-2.61056512317094,1.32057495537216,1.41340267016125,-0.538501534349164,0.740600344603931,-0.34750169138236,0.0259665668328542,-0.395151805345417,-1.00407240755065,0.292941692390628,0.792878217222261,-1.22393384739847,-0.376793374439545,-0.0683232606221495,0.696144490297909,0.144866167277857,-0.180561658772015,-0.113325822897985,-0.0649576735661074,0.0389060354553925,-0.100751701908857,-0.071802198316716,0.600681087415429,-0.48393976069322,0.0014852628295193,-0.0246669934789817,both_defer,Both models defer to a human (legitimate transaction),Fraud,0.9998684,True,Fraud,0.9999143,True,False
123500.0,21.23,Low,0,2.05343366552196,0.539174129655333,-2.60975778041636,1.31999009389287,1.41411276769831,-0.538760638524739,0.739644918374381,-0.347314812590486,0.0260513728607012,-0.394816455312249,-1.00408272309588,0.292912036511965,0.792749850855864,-1.22409685252939,-0.376883950047774,-0.0684182246901544,0.696123144388756,0.14471864844485,-0.180331697800362,-0.114792074294709,-0.0653939437719408,0.0392860428620793,-0.100117094267809,-0.0718391433004523,0.600945453758667,-0.483862971046431,0.0016213046337151,-0.0247923582487162,both_defer,Both models defer to a human (legitimate transaction),Fraud,0.9997209,True,Fraud,0.99981135,True,False
135669.0,76.41,Medium,0,1.94678157617476,0.358030330684861,-2.67306413261319,1.36548271604612,1.35354298964855,-0.52054237041506,0.808193416540782,-0.357722867290864,0.0299839306312206,-0.418493752538481,-1.01504155025514,0.258542911564963,0.733691000566012,-1.19789302156423,-0.362383186274386,-0.0579084795240212,0.70169613150997,0.164477125851947,-0.197490488908326,-0.0068344438881765,-0.0327508249656864,0.004520214649012,-0.147925754785237,-0.0708940529026667,0.578353553573663,-0.489517166505623,-0.0092551826555674,-0.0153325095477574,both_defer,Both models defer to a human (legitimate transaction),Fraud,0.99977356,True,Fraud,0.9998603,True,False
33893.0,76.17,Medium,0,1.05961118730765,1.04362062056225,-1.68957068624308,1.65480523098777,0.985887288613359,-1.32489857213485,0.826785744538438,-0.291527564150299,-0.522763046834393,-1.6416835821388,1.11574143692136,-0.169834291230313,0.273299361762478,-3.41625263275065,1.28640135509065,0.733233916853939,2.96448102654844,0.848062224411836,-1.22333440370624,0.111520083146976,-0.132412831831586,-0.396126672323078,-0.250095365996918,-0.235533131216127,0.771193810703404,-0.273973920250402,0.0449794095461776,0.107546455485373,both_defer,Both models defer to a human (legitimate transaction),Normal,0.9841353,True,Normal,0.99748236,True,False
122748.0,491.56,High,0,0.998236666730884,-1.46667805844776,-1.90187790393626,0.898512590831151,-0.611470941935436,-1.07241844068696,0.679032357269515,-0.288210914302425,0.641770094199665,-0.96385851834931,1.83688468771092,1.27874159836322,-0.09797131455633,-1.27741292545382,-0.767723236510844,0.0553396335950691,1.2065848105027,0.378490169018579,-0.044496389140149,0.795431445067688,0.133517933833072,-0.465611551927356,-0.179297100498125,0.390439422793025,-0.355054721065511,-0.189256538420568,-0.0947986518308183,0.0610945420492233,both_defer,Both models defer to a human (legitimate transaction),Normal,0.92614335,True,Fraud,0.99996114,True,False
155212.0,483.46,High,0,1.11864515087388,-1.39637133932858,-2.32517178208125,0.759139029267723,-0.124533598408609,-0.715041042718372,0.724647434459962,-0.331816811858365,0.912103738207031,-1.1310871252918,-0.447501148461647,0.400746698563226,0.252080162934429,-1.55966578383335,-0.0420310038923463,0.113941803722372,1.14884719352529,0.187175753388468,-0.02069669773037,0.833118260024357,0.0270262976629151,-0.754602564755668,-0.206915363863037,0.636204873870375,-0.202818933651571,-0.173244192994568,-0.0975100298893643,0.0716305841574829,both_defer,Both models defer to a human (legitimate transaction),Fraud,0.99980253,True,Fraud,0.99989915,True,False
138781.0,1854.18,Critical,0,-1.49880292150986,-5.81906879048472,-4.0069158494431,1.81467944463648,-1.39415664875895,-0.159709217229809,2.54523423112149,-0.690608203715847,0.868728482103214,-1.75816103187589,-1.06148508170849,0.0799251351121495,0.211838259672215,-1.19503766877018,0.22760440486476,0.434030935663849,1.03356620908421,0.622054871353019,-0.27161567539559,3.58600518688037,0.818102699865563,-1.55990773805145,-1.52754495609307,-0.811008561439879,-0.658058656442679,-0.234691760853854,-0.351790938227303,0.294651296531611,both_defer,Both models defer to a human (legitimate transaction),Normal,0.8140543,True,Normal,0.6210245,True,False
120052.0,1352.03,Critical,0,-0.501060547526724,-3.45141685672166,-5.03177192747066,1.82854327578345,0.0215093273839161,-1.80513534501198,3.04546136524924,-1.0566951570525,-0.111935735094332,-1.86307908901848,0.199583713129001,-0.067711146425705,0.0115279628991845,-1.73861281838002,0.442119640119663,-0.113838233709233,2.25492662681432,1.00357642405468,-0.799704496692145,2.54852153988902,0.970828211656706,0.0227837919791646,-1.46971485138816,-0.122013953128296,0.40265799594308,-0.335593931990285,-0.266861173270117,0.217710225705643,both_defer,Both models defer to a human (legitimate transaction),Fraud,0.99422306,True,Normal,0.998206,True,False
170348.0,42.53,Medium,1,1.9919760961759,0.158475887304227,-2.58344064503516,0.408669992998441,1.15114706077937,-0.0966947441848027,0.223050267455537,-0.0683838777747007,0.577829383844873,-0.888721675865145,0.491140241656789,0.728903319843614,0.380428045513993,-1.94888334870021,-0.832498136300872,0.519435549203291,0.903562376617253,1.19731471799372,0.593508846946918,-0.0176522567052908,-0.164350327825504,-0.295135166851559,-0.0721725311018398,-0.450261313423321,0.313266608995469,-0.289616585696882,0.002987582243429,-0.0153088128485981,classification_disagreement,Models disagree on Fraud vs Normal itself (real fraud),Normal,0.9988795,True,Fraud,0.9999347,True,False
166883.0,19.95,Low,1,2.09190018751563,-0.757459362256544,-1.19225763407193,-0.755458092963448,-0.620323625943217,-0.322077026663935,-1.08251065680614,0.117199961876445,-0.140926651717943,0.24931080342673,1.33831754595819,-0.329759339656804,-0.363591188943619,-1.82483910494673,-0.229678513727838,1.84234692345975,1.19421171382239,0.0374666576390236,0.423099369076423,0.0374375437836754,0.288252720367131,0.831939310447442,0.142006990607899,0.592614974257539,-0.196143145198634,-0.136676262268618,0.0201823653167864,-0.0154697051692816,classification_disagreement,Models disagree on Fraud vs Normal itself (real fraud),Fraud,0.99997807,True,Normal,0.99832183,True,False
160791.0,1.0,Low,1,2.13238602134104,0.705607819703042,-3.53075873641584,0.514779310643757,1.52717469821568,-1.71626826866624,1.13279092955315,-0.574214355395823,0.128903890816348,-1.00080505203989,-0.191190536963042,-0.323794189703165,-0.572455950927237,-1.42206385294204,0.314684199046673,-0.387162054366978,1.73474160368315,0.610975987993976,-0.221267207742386,-0.211167179112658,0.163739121720823,0.703910440133969,-0.24507615703343,0.460049173768465,0.920280992581626,-0.216585741807507,-0.026218563758315,-0.0250012963633226,classification_disagreement,Models disagree on Fraud vs Normal itself (real fraud),Fraud,0.99993956,True,Normal,0.9999728,True,False
77202.0,1.0,Low,1,-0.356326154090313,1.43530513012275,-0.813563965472736,1.99311717679272,2.0558775401316,-0.54357866590526,0.487691066602944,0.0854488054265826,-0.536351998021526,-2.23120932812687,0.273983570211148,-0.535839387011391,0.595677221650834,-5.14182349291966,0.732366764261792,0.623912780633594,4.09098324669186,1.63408402811385,0.26084733041578,0.303261648412104,-0.312862941766726,-0.687873797330169,-0.267002508610821,-1.15848006325515,0.271459963711122,-0.155397186179697,0.114328416432227,0.101525594435204,classification_disagreement,Models disagree on Fraud vs Normal itself (real fraud),Normal,0.0004869588,False,Fraud,5.2249716e-06,False,False
113620.0,21.93,Low,0,1.27277282452268,2.5501043706009,-4.81501048822019,5.6410029342369,2.86000212132462,-0.994112747521169,1.00905824865221,-0.0602198238684424,-2.04681119035974,-0.604144386014719,2.67595031512324,-2.15379465548075,-1.35710059012756,-7.09915122962678,0.774193242863281,2.64757062342291,5.90020076754355,4.02780617416473,-0.0468373048528037,0.247909085244838,-0.325411827850623,-0.729407280997069,0.392679636449166,-0.389999746292825,-0.644091948760376,0.310510255704302,0.0810286216213032,-0.0983345742664159,classification_disagreement,Models disagree on Fraud vs Normal itself (legitimate transaction),Normal,0.1300915,False,Fraud,1.5379724e-06,False,False
120542.0,20.22,Low,0,2.03757147783898,0.476733228218171,-2.52771521946579,1.38583126816796,1.20798967728238,-0.701665429810102,0.675917146402556,-0.306012549885069,0.160341368234143,-0.365449985088864,-0.956967932498657,-0.156737315251179,-0.245831637604646,-1.01157417911416,-0.285480513739069,-0.0925815626044509,0.841192282195843,0.187553398287956,-0.264714599938395,-0.188518546723127,-0.0615069874681141,0.0029300343080959,-0.0572856668228782,0.143799122914334,0.53524454287679,-0.495461094075689,-0.0043804444896935,-0.0246470247354399,classification_disagreement,Models disagree on Fraud vs Normal itself (legitimate transaction),Normal,0.97670674,True,Fraud,0.99812645,True,False
51123.0,19.95,Low,0,1.20958098737238,1.09655938921299,-1.64848217312618,1.68255042635327,0.6388282254351,-1.87299505305425,0.666163152838056,-0.278384991861968,-0.146798758026696,-1.5004517613071,0.482163308505672,-1.54153634160053,-2.13181488836349,-2.97671228102347,1.29232858301698,1.13145745012783,2.82255153561478,1.5816414136043,-0.830813512782148,-0.125943680263761,-0.221848227542434,-0.678562142240024,-0.201039153624922,0.0069145114468533,0.782916335644917,-0.289602213883217,0.0233326471603546,0.0959856642036614,classification_disagreement,Models disagree on Fraud vs Normal itself (legitimate transaction),Fraud,0.9978167,True,Normal,0.9643797,True,False
41079.0,75.84,Medium,0,-0.0255277485455278,0.810784090957333,1.421314867479,3.28349607367204,-0.702940394193807,1.20429150465324,-1.42677892137217,-2.46142557901657,-0.766455605667619,0.117191056408372,-1.42184922196112,-0.0312443940373072,-0.10146036590369,0.22087867000049,0.383479745212941,0.143501971455767,0.189616656431291,0.303263429128023,0.681206888772778,0.892287320464866,-1.15986034340016,0.730015766326187,-0.211857272314806,-0.0818670179708057,0.652295985291059,0.448479128281721,0.134481804655453,0.270185180227784,classification_disagreement,Models disagree on Fraud vs Normal itself (legitimate transaction),Normal,0.0019967936,False,Fraud,5.899697e-07,False,False
119098.0,75.63,Medium,0,-0.663139164629464,1.76635306474251,-1.45637332892696,3.01961286487316,2.44166430627859,0.218665831097867,1.93105400033952,-0.446288540358003,-1.77717418541456,0.33300774835332,0.876150157286643,-0.511268327895681,0.0815390035086777,-3.21462724416011,-2.05106943391902,1.66303871402192,1.12760842903649,1.27345939680229,-1.39550285619442,-0.450538323090243,-0.228846035462344,-0.225471198056659,0.0481962552373897,-0.0810564600489523,0.110006767334281,-0.125111846232072,-0.512547958035807,-0.249683691597602,classification_disagreement,Models disagree on Fraud vs Normal itself (legitimate transaction),Fraud,6.87806e-16,False,Normal,2.0700107000000002e-16,False,False
37549.0,75.31,Medium,0,0.948989201197089,0.346511433433503,0.245645222983136,2.70727584697994,0.275030214870448,0.700548547697837,-0.039908333642433,0.230622154816615,-0.599247608514798,0.131817129650125,1.06954178460903,1.01069850630065,0.506457231001588,-1.23788035796426,-1.27700548220377,0.431780024296089,0.589928293673064,0.0510842886161832,-0.756679109153097,0.037309046442231,-0.0324480635715153,-0.0165188277286998,-0.191628598072518,-0.355090206060196,0.565355726328566,0.100427331296558,0.0256669780938413,0.0421191049976076,classification_disagreement,Models disagree on Fraud vs Normal itself (legitimate transaction),Fraud,0.82894474,True,Normal,0.9981248,True,False
52835.0,489.99,High,0,-1.08875387091998,0.378499035480542,0.684527806140226,0.590824337638162,-1.50033228702583,0.759263128921162,2.76725103722127,-0.344927307913435,-0.647548202115746,-0.746819260967982,-0.389784048384014,-0.525812522232335,-0.600257940530009,0.381232169304336,1.10017826923205,-0.166492376010264,-0.168142639862544,-0.278287853519239,-0.573241237266541,-0.0345473351110344,0.139601964596147,0.429305672674873,0.158414259376163,0.0771995776226353,0.136142816554954,-0.349061621427295,0.166375368548461,0.0270424803335043,classification_disagreement,Models disagree on Fraud vs Normal itself (legitimate transaction),Fraud,8.688155e-15,False,Normal,2.706796e-06,False,False
159724.0,479.87,High,0,1.06873255258838,-1.55812306744991,-2.24043448300887,0.642088536856718,-0.204008483291886,-0.354662767183348,0.515025981815071,-0.0941490239733953,0.832253618639863,-0.875156341321517,1.12264357450649,0.528124851609568,-1.03339650033082,-0.971271234657887,-0.585164178994903,0.238625962074941,0.937852544016561,0.6509248115512,0.199332316824975,0.747599934820623,0.0816261860515334,-0.67879163241546,-0.183553871149997,0.587452419614473,-0.297122437991878,-0.185948568511024,-0.106909747216065,0.0552878393748519,classification_disagreement,Models disagree on Fraud vs Normal itself (legitimate transaction),Normal,0.25636235,False,Fraud,0.99993277,True,True
170556.0,477.62,High,0,1.08174192373126,-1.50084420454817,-2.22078652083607,0.644336556054814,-0.187248269004527,-0.432034731184028,0.565167359500701,-0.152106312122468,0.747874980621905,-0.882225687321526,1.17648004368442,0.811551183546957,-0.466329973887109,-1.08937764591168,-0.695483097573886,0.267806771250826,0.852352971730586,0.667150896619012,0.264768196251782,0.785205772017802,0.081463988591992,-0.653308082911231,-0.193975434292517,0.662339818556705,-0.263301790611808,-0.193281335810601,-0.105952263248703,0.0567597595545795,classification_disagreement,Models disagree on Fraud vs Normal itself (legitimate transaction),Normal,0.99627256,True,Fraud,0.99999654,True,False
124929.0,958.69,Critical,0,-2.0718022234095,-1.78101567732312,-1.37307754986861,1.15574792297943,-1.5183709562665,0.164209148083974,4.06648754557899,-0.460334128380003,-0.438324129720189,-2.34453550843752,-0.605364438403298,-1.00661997384576,-0.971705331224535,-1.69946443667307,0.24482503186583,-0.227685915478711,1.92691324283629,1.18422967711405,0.751694742977062,2.18900907822447,0.489989178060033,-0.173979136940911,1.98269308145999,-0.244397496101461,0.497391417969742,-0.149076372760257,-0.182044547535106,0.261026959753617,classification_disagreement,Models disagree on Fraud vs Normal itself (legitimate transaction),Normal,1.2979503999999998e-18,False,Fraud,6.488263e-08,False,False
143962.0,945.9,Critical,0,0.227510293256109,-2.79389267362054,-2.65832473870593,2.16199464687328,-0.573159462174289,-0.901785843625565,1.86331820875158,-0.65504931266412,0.181301412158947,-0.153011377202496,-1.12223364418368,0.0310472814821093,-0.665575643046153,0.854061859445311,-0.383726598626539,-0.525422058691075,-0.128231941770359,-0.303598660829094,-0.441077818709328,1.57683441969995,0.60430157774029,-0.194239583369951,-0.829793502648173,0.0588674859720812,0.111657207077405,-0.591618075039771,-0.198718606470586,0.100335401771324,classification_disagreement,Models disagree on Fraud vs Normal itself (legitimate transaction),Normal,0.07800013,False,Fraud,0.9990362,True,True
53680.0,662.0,Critical,0,-7.44778664308582,-3.47724400238466,-5.3947503442464,-0.0578399231693364,-4.00721104269407,-0.782689025519211,0.952952006219666,0.526612197243175,-0.0353404784850757,-4.118130287729,0.187463256221884,-3.1042903292662,-0.603549652275441,-1.70877731855254,1.47979489802614,-1.91337018476017,-5.33184279918164,-2.02500300599306,1.45178644906653,-1.34690414620334,-0.421280748212449,-1.35660050912611,-1.83196849223006,-0.344962765090319,-0.300874664401403,-0.456095711127623,1.19192320464726,-0.850235125003447,classification_disagreement,Models disagree on Fraud vs Normal itself (legitimate transaction),Normal,5.657803e-12,False,Fraud,3.9878487e-10,False,False
110617.0,635.1,Critical,1,-1.10103546371767,-1.67492805871463,-0.573388195590639,5.6175556662941,0.765556412634615,0.440607080848915,1.93474047501363,-1.01978754945585,-0.19324423129657,1.7837390603636,0.606910821999133,-2.85427542751023,2.37947304553589,1.26814661675691,-0.28361908940932,-0.482192055998123,0.8110054093379,-0.357910684579857,0.752760921550722,-0.0383141473363703,-0.412525822025647,-0.208823118913215,0.344832725150856,1.09143473162108,-0.686512742633337,0.0758089204336296,0.0338647378770195,-0.83285502022751,both_miss_fraud,"Both models silently miss a real fraud (auto-approved, wrong)",Normal,1.974747e-20,False,Normal,1.9915908e-16,False,False
472.0,529.0,Critical,1,-3.0435406239976,-3.15730712090228,1.08846277997285,2.2886436183814,1.35980512966107,-1.06482252298131,0.325574266158614,-0.0677936531906277,-0.270952836226548,-0.838586564582682,-0.414575448285725,-0.503140859566824,0.676501544635863,-1.69202893305906,2.00063483909015,0.666779695901966,0.599717413841732,1.72532100745514,0.283344830149495,2.10233879259444,0.661695924845707,0.435477208966341,1.37596574254306,-0.293803152734021,0.279798031841214,-0.145361714815161,-0.252773122530705,0.0357642251788156,both_miss_fraud,"Both models silently miss a real fraud (auto-approved, wrong)",Normal,2.7321873e-18,False,Normal,6.151528e-14,False,False
52814.0,519.9,Critical,1,-1.10184700698197,-1.63244121283891,0.901066556872515,0.847752885502341,-1.24909072939532,0.654936785498635,1.44886782586722,0.0233079125519542,-0.136742416820243,-0.150129182778684,1.17235508293037,-0.795988136674965,-2.13695096583302,0.578869439330842,1.4121147225086,0.0134668068434063,-0.119204381070058,0.826814373772222,0.476859902488945,1.23027784051309,0.610653920616913,0.835795006603528,1.17995542066426,-0.0290908864225033,-0.300895693792436,0.699174952578756,-0.33607170899039,-0.177586827857027,both_miss_fraud,"Both models silently miss a real fraud (auto-approved, wrong)",Normal,2.0382795e-35,False,Normal,6.913913e-24,False,False
65728.0,98.01,High,1,1.22761441351286,-0.668973794096954,-0.271784826118016,-0.589439741635524,-0.604795004349645,-0.350284967097775,-0.486364540645055,-0.0108086285956747,-0.794944156080669,0.264544748886681,0.881268050432366,-0.324703760782435,-0.263263800489225,-1.11273543930467,-0.540849503339651,1.53341124817574,0.831442610720144,-0.473346676550517,1.19012126352217,0.273799209937263,-0.0260547222626376,-0.295254768133076,-0.180458520061445,-0.436538663158256,0.494649059264358,-0.28373826696629,-0.001128278642713,0.0350745013143425,both_miss_fraud,"Both models silently miss a real fraud (auto-approved, wrong)",Normal,8.391855e-31,False,Normal,2.1181696e-24,False,False
29785.0,30.3,Medium,1,0.92376442016477,0.34404807190464,-2.88000365579163,1.72168007534123,-3.01956477860235,-0.639736122583852,-3.8013245024591,1.29909588513018,0.864065471140902,-2.89525166830126,3.02816223099618,-2.54917730779636,-1.56043182473423,-2.97131675769274,1.07889539651163,-4.70201182527384,-4.90809850732764,-1.5088732903485,3.0016850593747,0.170871765618069,0.8999311755668,1.48127100376248,0.725265549161058,0.176959582872624,-1.81563797523647,-0.536517111308732,0.489035020411905,-0.0497285787992942,both_miss_fraud,"Both models silently miss a real fraud (auto-approved, wrong)",Normal,2.8971936000000004e-32,False,Normal,4.5790506999999997e-23,False,False
75556.0,29.95,Medium,1,-0.734303155037818,0.435519332206195,-0.530865546585229,-0.471119606930407,0.643214386605141,0.713832369657908,-1.23457207133269,-2.55141159871634,-2.05772382572102,0.166830707878014,0.567551954604602,-0.85805991589575,-0.448067929957678,-0.264936238828755,0.88886293915465,0.838120616560385,1.42505965449185,-0.169664182600728,2.50202738858443,0.864536120628702,-1.00487737851609,1.15035358786928,-0.152555282700309,-1.38674463324096,0.0047160148280004,0.21914583821982,-0.0582573076118087,0.158047988697071,both_miss_fraud,"Both models silently miss a real fraud (auto-approved, wrong)",Normal,0.0,False,Normal,1.2561103999999999e-37,False,False
141565.0,4.49,Low,1,0.1149650477972,0.76676154669164,-0.494132199415659,0.116771978233793,0.86816853524791,-0.477982006349535,0.438495665220681,0.0630733402552484,-0.186207089214194,-0.159325098707444,1.20030360709416,0.281744446861465,-0.623844030466212,-0.658246292064356,-0.155888356613225,0.0562273489244218,0.653662125212474,0.33465531172159,1.02892683645358,0.0621985703923592,-0.284412898740297,-0.706865471630836,0.131404855625717,0.600742122018719,-0.604264275304309,0.26293785502267,0.0991446312768992,0.0108097183119463,both_miss_fraud,"Both models silently miss a real fraud (auto-approved, wrong)",Normal,0.0,False,Normal,1.2326396e-34,False,False
17220.0,3.79,Low,1,1.18978435670385,0.942289402014327,0.0823341450498769,3.02404970580847,0.412406009418248,-0.214414558479438,0.0535578385040748,-0.110353351082093,0.883797757350066,-0.554223900525873,0.154921008931302,-2.77675657494788,1.6412066261065,-0.45607695680899,-1.24041439240797,0.857322735948866,1.70702446635297,0.526349196477535,-0.865104609842214,-0.143434644974988,-0.502635558485173,-1.04739752764089,-0.0567520238885425,-0.340688404752184,0.541235201259928,-0.0983002868955662,-0.0030411199129353,0.049819020358336,both_miss_fraud,"Both models silently miss a real fraud (auto-approved, wrong)",Normal,0.0017192675,False,Normal,0.0004919898,False,False
125612.0,3.22,Low,1,1.88961791435199,1.07309853428207,-1.67801752213825,4.17326819444992,1.01551580609762,-0.0093890345376856,-0.0797056036973578,0.0640708218352963,-0.714516675807338,0.0422275201898101,-0.408402781057003,-0.929370065771482,0.0586863166856154,-3.51284546122181,-0.164612974126633,2.06985302474878,1.7333815808837,1.58075796212324,-2.33518537609962,-0.15357026465285,0.203727978494943,0.733795720552592,-0.0365597489616082,0.334305770703597,0.147171035637962,0.279556488222951,0.0316687807243937,0.0358833226413502,both_miss_fraud,"Both models silently miss a real fraud (auto-approved, wrong)",Normal,8.2879797e-13,False,Normal,2.8122106e-13,False,False
152710.0,2.47,Low,1,0.0510754846328574,1.31042652386526,0.733222065309853,2.62028192286183,1.40235761449282,0.528488564738172,1.08601442622803,-0.146422713225732,-1.72433297471822,1.28016674259048,0.470864719590572,0.43554195900858,0.594974116113431,-0.142098601080574,-2.02473460275883,0.828290651436422,-1.27478714656577,0.134277305184542,-1.48943421708841,-0.125876996990695,0.229936134951611,0.766926566765976,-0.189623667620704,0.766852957965077,-0.141400750027805,-0.0772779620355944,-0.29759539535716,-0.221816034161724,both_miss_fraud,"Both models silently miss a real fraud (auto-approved, wrong)",Normal,9.529568e-28,False,Normal,6.3163184e-21,False,False
54846.0,1.79,Low,1,-2.98646550822273,-0.0008912294816884,0.605886830263541,0.338337780759695,0.685448451171472,-1.58195443740193,0.504206377175919,-0.233402618007887,0.636767742518801,1.01029102209398,0.0045179679664243,0.0443966388940644,0.420853062352676,-0.931614224984722,1.14797368277192,0.48306309357216,-0.152470829644753,-0.285666258848129,0.0725498490088206,-0.764274258309323,-0.875146363670133,-0.509848660993286,1.31391790371009,0.355064731381086,0.448551563224067,0.193489780350156,1.21458768687535,-0.0139228973515758,both_miss_fraud,"Both models silently miss a real fraud (auto-approved, wrong)",Normal,0.0,False,Normal,0.0,False,False
44532.0,1.0,Low,1,-0.234922308660103,0.355412643473604,1.97218278594888,-1.2555927126284,-0.681386509254345,-0.665731671302037,0.059110489686438,-0.0031532770910343,1.12245113562848,-1.48124586053984,-0.473852105914046,0.9221844195147,0.913513839827119,-0.499349578859305,0.933898442932603,-0.560471962989049,-0.207706529097452,0.380541571066627,0.574335960915453,-0.0034694628125566,0.220670430492642,0.912107214037724,-0.286337679755902,0.451208246513352,0.188315252003614,-0.531845781256926,0.123184687838547,0.0395806345060398,both_miss_fraud,"Both models silently miss a real fraud (auto-approved, wrong)",Normal,0.0,False,Normal,3.5770390000000005e-39,False,False
110087.0,1.0,Low,1,1.93494645561548,0.650677737498259,-0.286957048622899,3.98782809057201,0.316051835129206,-0.0994493763543019,-0.0214831582313935,-0.172327298889228,0.508730034701461,1.07295520625891,-0.427567391481657,-2.777649223895,1.63714014878874,1.5710801214626,-1.44536681818908,0.908649625166723,-0.122016068028642,-0.104109917156777,-1.6840216339214,-0.344452123814994,-0.173601631022283,-0.190973581696087,0.219975571293889,-0.216596550704603,-0.136691885594352,-0.129953649978571,-0.0500768352982461,-0.0510818960798855,both_miss_fraud,"Both models silently miss a real fraud (auto-approved, wrong)",Normal,4.3536938e-13,False,Normal,4.675634e-10,False,False
91502.0,1.0,Low,1,0.0073790751145725,2.36518252886777,-2.60028738169342,1.11160176466249,3.2764413263667,-1.7761407852846,2.11453088108345,-0.830084106599812,0.900489974281822,-3.37617706712688,2.05681205985716,-3.9842567303491,1.02196791340796,-5.96790496861639,-1.15160831490592,1.67973960141233,5.58611468683053,2.78913115591619,-2.24107485298106,-0.0063884972816308,-0.563944162060269,-0.902099515410175,-0.404382448597275,-0.0129439005065412,0.589836154947909,-0.734449052212668,-0.447529183217452,-0.362374775122343,both_miss_fraud,"Both models silently miss a real fraud (auto-approved, wrong)",Normal,1.8396056e-10,False,Normal,3.196762e-14,False,False
116195.0,19.99,Low,0,0.852050799491739,0.123613243630495,-3.1536479324205,0.771409615650535,-3.16535748200508,-1.17268772611306,-4.70995485073665,0.898253297076832,-1.77995618522423,-3.16545071758335,3.73002233392424,-5.29172914186161,-0.573038447725919,-5.45443327940668,-0.521411621496868,-3.55074340323048,-8.77802619270319,-3.95497471278151,1.69647657493675,0.57544722822332,1.1166544598418,1.17127948192725,0.0762319721628296,-0.0145401405600234,-0.0368585726319364,-0.0406485122092563,0.826236308666477,0.316832269389432,false_alarm,Both models auto-flag a legitimate transaction as fraud (false alarm),Fraud,2.8312631e-28,False,Fraud,1.4616377e-17,False,False
73638.0,15.22,Low,0,-2.76927915311495,1.11771263593607,-0.798164959453357,2.00287157006744,-0.754938765614409,-1.0216876007251,-1.931456715335,0.349900445553532,-0.536327650002244,-1.10087628311298,1.55142584857586,-3.62982461519608,-1.1827221734855,-3.18187676142821,2.33009688916107,-3.14755474712385,-3.88011791367258,-2.07759199580112,1.80421384044073,0.254679077685113,0.0548971445827076,-0.499620596830702,-0.478017380043593,0.0338214479083821,-0.849390067264507,0.228078575916894,-0.023736324774586,-0.026695194691478,false_alarm,Both models auto-flag a legitimate transaction as fraud (false alarm),Fraud,8.50106e-21,False,Fraud,1.2121212e-14,False,False
74895.0,12.01,Low,0,-2.88997309004878,2.48187422705974,-3.47180338258145,4.0109737929781,-1.91033620206919,-2.12680443947515,-4.53510346946482,0.8174482980728,-3.00112250695777,-4.87462746135926,3.63555845014491,-7.56725652005427,0.0602765970550138,-7.16793099403794,1.22369661350844,-7.82813465658728,-12.3447056446562,-4.6904044337518,2.99494942270349,0.855329628769514,1.14057718178054,0.590972259848674,-0.292454081528414,0.304803926536272,-0.167683653326064,-0.11302152833135,1.04942538496429,1.08089606369242,false_alarm,Both models auto-flag a legitimate transaction as fraud (false alarm),Fraud,1.3698894e-33,False,Fraud,2.454181e-22,False,False
99180.0,75.86,Medium,0,-3.62691506630665,2.25877996947976,-1.1192029898095,5.99960993913767,-2.31295632815021,0.763049913774785,-3.59374840334504,0.578714578341893,-1.01507060945187,-1.08491653602529,2.91641496767422,-6.76195656742314,0.195100739053483,-1.6495668112005,-0.595422950580652,-2.84219950572164,-5.24338404538164,-0.764312612004332,1.89162172298525,-0.75845920225147,1.44976882403654,0.780045323063902,0.364275698747869,-0.0340705139724262,-0.608751118242453,0.416604864954629,-0.379315932708614,0.610837917375757,false_alarm,Both models auto-flag a legitimate transaction as fraud (false alarm),Fraud,1.3631142e-31,False,Fraud,1.2860638e-24,False,False
164702.0,75.79,Medium,0,1.71785672209903,0.816989373184078,-2.18071056251817,4.34110864712826,1.27163499293581,0.56866853577241,-0.0514721836351394,0.278781633145816,-0.568346920180249,-0.258197587478283,0.64385614128632,-0.625356498314487,-0.910266879058486,-4.22241333993681,-2.07480928648223,2.12883270831098,2.39771365179335,2.14119516289073,-1.40352208676671,-0.0295010348449561,-0.0952596848162599,-0.213721760332031,-0.0872878257198058,-0.169074783153154,0.119277829360606,0.109985703132179,0.0200019385647637,0.0477759353127738,false_alarm,Both models auto-flag a legitimate transaction as fraud (false alarm),Fraud,2.2862725e-06,False,Fraud,1.251915e-11,False,False
138127.0,62.8,Medium,0,1.74394839464322,0.957097342835718,-1.74500608910478,4.07674951109323,1.1004962572751,0.027806657825595,0.205884191631943,0.0696807909426061,-1.27535092335104,0.285586845813349,1.49399602849354,0.143300342632624,0.319766974038543,-2.9207764976203,-1.11421500128246,2.08862332119879,1.32698270560826,1.44683880483285,-1.75814213822424,-0.0100420521390506,-0.056385697251704,-0.253738281423926,0.118798788295624,0.474440650992689,-0.117304451931304,-0.122696059467965,-0.0021111839482251,0.034233997782459,false_alarm,Both models auto-flag a legitimate transaction as fraud (false alarm),Fraud,1.7580345e-05,False,Fraud,2.2833396e-05,False,False
49226.0,485.43,High,0,-1.38217421152711,-0.35226178560422,0.496944303652489,1.60184320117267,-0.989881451365593,0.594194913202313,2.26289862810355,-0.282674654699158,-0.520642286471393,-0.388967631504504,-0.62177427934411,-0.617706167188019,-1.05009930576104,0.40999122693433,0.783849796062758,-0.936312529356826,0.520410814866246,-0.387189454716986,0.612092682972739,0.126452860201828,0.112915833036145,0.389605007278194,0.263288877065746,0.0932656992453473,0.077208050336225,-0.151374669865232,0.139500943603729,0.171536362049409,false_alarm,Both models auto-flag a legitimate transaction as fraud (false alarm),Fraud,4.819982e-13,False,Fraud,5.151251e-05,False,False
160739.0,451.81,High,0,1.01435985770101,-0.443396663285288,-1.65625643264504,4.51347177338825,0.171940396459526,-0.301231993896417,0.707661159974103,-0.177134353890153,-0.878232672117541,0.225294230963331,-0.453250987489847,-0.566859243730483,0.039316428364435,-2.24474236785965,-0.341101156160751,1.73503344145013,1.10181103560672,0.642524662336225,-2.12220765403874,0.685985625679763,0.109349652499438,-0.616710143990719,-0.17058749435048,-0.245777006652872,-0.380004205978326,-0.183341089128263,-0.068653195870434,0.091139200532189,false_alarm,Both models auto-flag a legitimate transaction as fraud (false alarm),Fraud,1.4988305e-07,False,Fraud,7.3591764e-09,False,False
113823.0,383.0,High,0,-0.953748729103636,0.0884176608361524,-1.99461244928988,1.69453978753448,0.446465279194226,-0.533344421076814,2.68185289114568,-0.473084438754883,-0.786592430696332,-1.02003500048678,1.28092201608691,-0.402683132029363,-1.28228859290421,-1.73712611994572,-0.685540705409898,0.0177358667491738,1.86194993544888,1.42806134206026,0.610792774084772,-0.175247436089343,0.0784738949798776,0.689029441075791,0.928361451360289,-0.215501936042204,-0.668417028048154,-0.530002412913121,0.443088171775064,0.158995979926898,false_alarm,Both models auto-flag a legitimate transaction as fraud (false alarm),Fraud,2.2467293e-10,False,Fraud,6.4552264e-06,False,False
149133.0,1059.28,Critical,0,-4.42715181962555,-0.963508050191945,-3.98852539974823,5.99392742892569,-3.23660883753092,2.61549639787543,3.10986823714173,-0.375601865831545,-2.81423732462824,-0.518420253742239,-0.285979886934994,-3.80016769120705,0.449094635444423,-2.21590888014364,0.697778384098233,-2.08530545436939,-4.28197552503753,-1.40126877416582,2.12208855423365,-1.51875764244005,-0.10860214596152,1.18165559226474,0.0453569284898187,0.220713071402673,0.348226106236775,0.796389758636528,1.17507464539793,0.442739845314515,false_alarm,Both models auto-flag a legitimate transaction as fraud (false alarm),Fraud,1.8509857000000001e-31,False,Fraud,1.2263931e-25,False,False
48930.0,911.09,Critical,0,-4.11204715550433,-1.78753838532198,-2.69904790818706,0.599600849208777,-4.16779034173524,0.666540437597917,0.776704571073178,0.0760346416248685,-0.435802402680723,-3.43074560833091,0.0438562225393664,-4.02340979865891,-0.714060822293063,-2.95768280723168,0.994966044442971,-0.860665421810396,-6.23709917065191,-1.48153121009374,-0.184775013687452,-1.1890657563548,0.108683989326295,0.0814206099080193,-1.33108138108244,-0.365311844091212,-0.270780210857975,0.94897601904363,0.960033659850954,-0.530256855912108,false_alarm,Both models auto-flag a legitimate transaction as fraud (false alarm),Fraud,1.8585484e-32,False,Fraud,5.452704999999999e-26,False,False
111638.0,798.49,Critical,0,-2.26146388291224,0.220504445790139,-3.55933748728871,1.52241466040365,-4.92052834798515,0.846770738166651,0.572076667602298,0.865552791910929,-1.0650281567897,-4.02994675205245,2.26133417099243,-2.15106886697903,0.19001308775914,-2.76882897247823,-0.896297019130249,-3.09174733287398,-5.97588617660747,-1.74797748594318,1.75088150592725,0.192832984716057,0.466701359764234,0.060958981655542,1.36756301346168,0.0013052969805765,-2.06868853631059,-1.26679968810312,1.01719094808608,0.116848975632894,false_alarm,Both models auto-flag a legitimate transaction as fraud (false alarm),Fraud,1.9040824e-24,False,Fraud,2.0067508e-17,False,False
36740.0,22.0,Low,0,1.29218716881603,-0.795264159950013,0.838735832521024,-0.864077849211162,-1.11480174496109,0.257467947713101,-1.19860170819845,0.239145810280312,-0.642310125550903,0.72834679941996,1.3103806544915,0.039610711429543,0.28382813603767,-0.244373421779423,0.689464178555426,1.4792179286282,-0.0363098101534775,-0.7001208952732,0.274495697275916,0.102194582712766,0.445437528934812,1.21935833315419,-0.134611002500395,-0.251353077846494,0.365009987082001,-0.0182312633106658,0.0479537407966911,0.0108114551421743,edge_boundary,Edge case: amount just below the €22 tier boundary,Normal,0.0,False,Normal,0.0,False,False
78474.0,22.01,Medium,0,-0.992753303034151,1.0506951942598,-0.12636859918385,-0.250907892144647,2.68806515839489,3.64991257474973,0.392999455069348,0.38592610227252,-0.363666516382751,0.72424208263075,-0.090011896543103,-0.459714768938359,-0.0328021312420101,0.0693397891968546,1.54412372552708,-0.262153926347675,-0.686759569458175,0.508585105056155,1.18774481733553,0.0882138040609382,0.0898277445715186,0.103358354912472,-0.358744182075659,1.01594435764903,0.208312002368888,-0.296306956946761,-0.855726687208915,-0.050418616787845,edge_boundary,Edge case: amount just above the €22 tier boundary,Normal,0.0,False,Normal,0.0,False,False
115981.0,77.0,Medium,0,1.92083514987043,-0.406489805638208,-1.58111221199585,0.28119781376053,0.291046223713945,-0.177439764313522,0.0199988709278968,-0.0834343399303945,0.328289140137746,0.316552192606061,0.402281949885156,0.536301427834137,-0.232807507342425,0.540381581871253,-0.211727346428196,0.314442161830443,-0.854369536862323,0.571130278178306,0.145142259593817,-0.0400052750924975,0.342690064775129,0.921238390553439,-0.108650754715202,0.351118435382424,0.195785920127843,0.547395224358005,-0.0847665618096679,-0.0617418007917401,edge_boundary,Edge case: amount just below the €77 tier boundary,Normal,2.74561e-35,False,Normal,5.643808e-25,False,False
56510.0,77.01,High,0,-1.81780403253983,1.12101934585142,-0.477386985995584,-1.3589039587197,-1.30172136754572,-1.08967326321122,-0.406868838403115,1.18324475156643,0.837041149734368,-2.44601786428945,-0.0558056482511848,1.39664140178317,0.658171326001713,-0.609279322189603,0.558787550041203,-0.108322095632006,1.40175504960363,0.0373269073640314,-0.779426819047344,-0.381492315910493,0.167818656910307,0.361654140690423,-0.0519280533104615,0.333461102292242,0.112901033352726,-0.833492842419339,-0.244004947255447,-0.208797816920993,edge_boundary,Edge case: amount just above the €77 tier boundary,Normal,0.0,False,Normal,3.2963799999999995e-39,False,False
64703.0,500.0,High,0,0.281063022423639,-1.96723013348006,0.371764282557369,-0.316057511573175,-1.74206620192938,-0.634351404953252,0.0505501376627998,-0.143349140317136,1.81381005731651,-1.30692954229751,-0.472122007844465,0.646947967847636,-0.156778233095612,-0.008783343068365,1.3733649419891,-0.352383767879881,-0.126090078094066,0.345384688714911,0.382054469769501,0.877712204722807,0.304281872150137,-0.0152327140794381,-0.479681001313487,0.43155944819461,0.31250076606404,-0.725243667584244,-0.0004899678139447,0.122048298758866,edge_boundary,Edge case: amount just below the €500 tier boundary,Normal,8.151342999999999e-30,False,Normal,7.458290000000001e-24,False,False
42217.0,500.04,Critical,0,-1.42195268977646,-0.480426234107012,-1.06918984892342,-1.86936036419291,-0.751489781006607,0.518723418941717,2.29202754633665,0.257463864189344,0.654161935958341,-2.07739684262069,-1.89863117585775,0.066597426962785,-0.0837382686534284,0.499904389010867,0.270097665956633,-0.611751542424969,-0.259363893125111,0.0562685802586695,0.193449204657515,0.900374903138589,0.35087341160423,0.374244798719247,0.87024180305076,-1.37126314397906,0.264314490574883,-0.716100108979417,0.15756786037736,0.19757175577903,edge_boundary,Edge case: amount just above the €500 tier boundary,Normal,6.818873e-35,False,Normal,6.264279e-19,False,False
34784.0,0.0,Low,0,1.13341303518014,-0.0916910034674055,1.1975142426026,1.35240008690345,-0.860527721150296,0.179460328561214,-0.726791454027563,0.277197622089764,0.897950910758479,-0.0854468857568157,-0.698916028300547,-0.232207008420846,-1.14500750354996,0.0075990535181624,0.96708423681158,0.0478442023859584,-0.0734284072771159,-0.0994830488180516,-0.833790722835579,-0.255132862917762,0.133818190728264,0.5494356940535,-0.0389357677802995,0.0692869353444514,0.394117690941526,-0.208395658428704,0.0773693227758371,0.0290091746711845,edge_boundary,Edge case: smallest real transaction amount in the dataset,Normal,0.0,False,Normal,0.0,False,False
42951.0,12910.93,Critical,0,-23.7128394089686,-42.1726875231095,-13.3208246805279,9.92501936512661,-13.9455376404468,5.56489131600864,15.7106439822399,-2.84425261686592,-1.58072500831757,-5.5332559073632,1.44669482617669,0.90267505415758,1.74697926404009,2.35413099249729,0.801598168355565,2.06847490432671,1.413407352408,0.74831970603822,-3.63737113118018,26.2373907895659,7.92159987893745,-6.32070956224581,-11.3103376053523,0.404175327599178,-4.54727807360067,-1.57711817570979,-2.35738472087658,2.25366209932537,edge_boundary,Edge case: largest real transaction amount in the dataset,Normal,0.0,False,Normal,0.0,False,False
